protein_id,subset,n_mutations,sequence_length,MSA_Ntot,MSA_Neff,pearson_RSA,spearman_RSA,pearson_CI,spearman_CI,pearson_LOR,spearman_LOR,pearson_LORw,spearman_LORw,pearson_GEMME_ind,spearman_GEMME_ind,pearson_GEMME_epi,spearman_GEMME_epi,pearson_EVCouplings_epi,spearman_EVCouplings_epi,pearson_EVCouplings_ind,spearman_EVCouplings_ind,pearson_ArDCA,spearman_ArDCA,pearson_pycofitness,spearman_pycofitness,pearson_RSA*LOR,spearman_RSA*LOR,pearson_RSA*LORw,spearman_RSA*LORw,pearson_RSA*GEMME_ind,spearman_RSA*GEMME_ind,pearson_RSA*GEMME_epi,spearman_RSA*GEMME_epi,pearson_RSA*EVCouplings_epi,spearman_RSA*EVCouplings_epi,pearson_RSA*EVCouplings_ind,spearman_RSA*EVCouplings_ind,pearson_RSA*ArDCA,spearman_RSA*ArDCA,pearson_RSA*pycofitness,spearman_RSA*pycofitness,pearson_PoPMuSiC,spearman_PoPMuSiC,pearson_PremPS,spearman_PremPS,pearson_DDMut,spearman_DDMut,pearson_MAESTRO,spearman_MAESTRO,spearman_DDGun3D,pearson_DDGun3D,spearman_RaSP,pearson_RaSP,spearman_KORPM,pearson_KORPM
1gyz_A_59-117,D1000,1121,59,12842,6207.4,-0.5513,-0.5746,0.1962,0.1914,0.2916,0.2606,0.3142,0.2786,0.3427,0.2964,0.3779,0.3311,0.4124,0.3436,0.3863,0.3249,0.3545,0.3055,0.3452,0.2964,0.554,0.4889,0.5712,0.4966,0.5906,0.4967,0.6272,0.5274,0.6488,0.5334,0.6236,0.5078,0.6171,0.5545,0.607,0.5428,0.6884,0.615,0.6931,0.5893,0.7476,0.631,0.6589,0.5286,0.4607,0.6852,0.6256,0.7429,0.5317,0.6414
1mhn_A_91-147,D1000,1076,57,9961,3153.9,-0.3549,-0.5091,0.1245,0.2761,0.2007,0.2785,0.2072,0.2969,0.2056,0.3308,0.2338,0.3679,0.2273,0.3019,0.1568,0.2121,0.3151,0.4051,0.3183,0.4004,0.3218,0.4617,0.3137,0.4511,0.3012,0.4633,0.3352,0.5036,0.3536,0.5205,0.2967,0.43,0.3904,0.5391,0.3975,0.54,0.3811,0.537,0.4402,0.6407,0.3563,0.5258,0.4027,0.5615,0.5401,0.3315,0.5651,0.3684,0.4435,0.3024
2d1u_A_2-73,D1000,1241,72,10867,6950.0,-0.4241,-0.4314,0.5282,0.5511,0.4779,0.4828,0.4782,0.4825,0.533,0.5335,0.5668,0.5816,0.3909,0.4144,0.381,0.4006,0.4879,0.5031,0.4404,0.462,0.5469,0.5211,0.5472,0.5211,0.556,0.5474,0.5751,0.5515,0.5369,0.5165,0.5144,0.4886,0.563,0.5289,0.5461,0.5147,0.607,0.6211,0.5611,0.5637,0.5132,0.5204,0.5315,0.5208,0.4733,0.503,0.6596,0.6143,0.4699,0.4598
7jjk_A_339-395,D1000,1017,57,33894,5615.2,-0.4059,-0.3403,0.2917,0.1842,0.3633,0.2743,0.3699,0.2818,0.3437,0.2548,0.2885,0.2099,0.2931,0.2649,0.2982,0.2621,0.3279,0.2562,0.3252,0.2473,0.547,0.4044,0.5718,0.4187,0.543,0.3863,0.4986,0.3399,0.5389,0.3836,0.5617,0.4024,0.5311,0.4091,0.5221,0.3907,0.6037,0.5132,0.5473,0.4478,0.5239,0.4171,0.5456,0.4923,0.4786,0.6151,0.5089,0.6296,0.577,0.5734
1csq_A_1-67_F49A,D10000,1265,67,48956,13155.5,-0.5224,-0.5651,0.6094,0.6243,0.604,0.6155,0.6038,0.6149,0.6072,0.6185,0.5796,0.6147,0.5564,0.5866,0.4869,0.5212,0.6199,0.6389,0.5974,0.621,0.6723,0.6844,0.6685,0.6832,0.6639,0.6971,0.6496,0.7093,0.6738,0.7015,0.6263,0.6595,0.6933,0.7022,0.6886,0.6961,0.6668,0.6898,0.6812,0.7361,0.4939,0.4917,0.6226,0.6433,0.6741,0.6313,0.7076,0.6328,0.6165,0.5897
2lss_A_2-70_G7S,D10000,1224,69,49601,13779.9,-0.5265,-0.514,0.5381,0.5089,0.5346,0.5188,0.5564,0.5365,0.5762,0.5499,0.5388,0.5382,0.5137,0.5055,0.4733,0.4496,0.5689,0.5792,0.5616,0.5758,0.6551,0.6303,0.6652,0.6452,0.659,0.635,0.6439,0.6214,0.6886,0.6747,0.6489,0.6263,0.696,0.6741,0.6937,0.674,0.6182,0.5922,0.6474,0.6286,0.4941,0.4471,0.5553,0.4993,0.5489,0.6242,0.5992,0.6088,0.5177,0.5407
1mjc_A_3-70_L45S,D10000,1290,68,49869,14766.3,-0.4219,-0.4918,0.4972,0.5631,0.5883,0.6036,0.6013,0.6169,0.5825,0.6053,0.4658,0.5118,0.5203,0.538,0.5302,0.5513,0.5863,0.6026,0.5605,0.5837,0.6435,0.6962,0.6442,0.7053,0.62,0.6873,0.5129,0.601,0.6206,0.6846,0.6177,0.6968,0.6597,0.7044,0.6494,0.6903,0.5888,0.6412,0.6555,0.6732,0.4551,0.4628,0.5882,0.6099,0.6428,0.6277,0.622,0.5563,0.5698,0.5629
2lxk_A_1-66_G4A,D10000,1248,66,49872,13550.2,-0.5841,-0.6058,0.622,0.638,0.6026,0.6161,0.6038,0.6143,0.6206,0.6391,0.5872,0.6274,0.5073,0.5377,0.485,0.5276,0.5995,0.6151,0.5596,0.5809,0.7067,0.7378,0.7032,0.7385,0.689,0.7455,0.6694,0.7452,0.6919,0.7283,0.6658,0.7158,0.7191,0.7375,0.7085,0.725,0.6481,0.7008,0.6589,0.7331,0.5259,0.5199,0.6621,0.6944,0.6752,0.6318,0.7209,0.649,0.6519,0.6256
2k5n_A_1-67,D10000,1223,67,45293,11768.7,-0.6433,-0.6649,0.4231,0.4071,0.4682,0.4523,0.5099,0.4837,0.5595,0.5108,0.5927,0.5933,0.5019,0.4477,0.4978,0.4443,0.5865,0.5296,0.5539,0.4975,0.6112,0.5743,0.6388,0.5976,0.6638,0.6016,0.7515,0.7187,0.7017,0.6375,0.6698,0.5936,0.7222,0.6674,0.7118,0.6454,0.6524,0.6018,0.6793,0.649,0.6802,0.5803,0.678,0.6111,0.52,0.6143,0.7017,0.7523,0.4884,0.5332
2ma4_A_22-91,D100,1242,70,491,185.3,-0.5035,-0.4854,0.2403,0.1937,0.277,0.2601,0.2735,0.258,0.2603,0.2271,0.2751,0.2417,0.2977,0.3111,0.2855,0.2862,0.2774,0.2803,0.2147,0.2238,0.4712,0.4311,0.4661,0.4253,0.4194,0.3596,0.4621,0.3987,0.5057,0.463,0.4819,0.4362,0.5289,0.4901,0.4296,0.3963,0.553,0.502,0.5203,0.431,0.7037,0.6176,0.6053,0.5291,0.4288,0.4848,0.5942,0.6643,0.5157,0.6057
2ysc_A_8-39,D1000,547,32,19530,1193.0,-0.5433,-0.5497,0.4383,0.4352,0.4729,0.4529,0.4939,0.4635,0.5459,0.5403,0.5553,0.5546,0.4905,0.4646,0.4569,0.432,0.5868,0.5599,0.5596,0.5471,0.621,0.5957,0.6221,0.5896,0.6347,0.6057,0.6456,0.614,0.6482,0.6299,0.6273,0.5985,0.6844,0.6619,0.6699,0.6373,0.663,0.6243,0.5868,0.5834,0.5241,0.4986,0.5404,0.5156,0.5737,0.5005,0.4025,0.4825,0.5096,0.5098
2jvd_A_1-39,D100,709,39,1734,862.5,-0.4583,-0.4403,0.3833,0.3126,0.383,0.3295,0.3882,0.3309,0.384,0.3616,0.4179,0.377,0.3418,0.2983,0.3317,0.297,0.3166,0.2564,0.3171,0.3018,0.5526,0.4671,0.5581,0.4686,0.5459,0.4697,0.5654,0.4828,0.5609,0.4946,0.5499,0.485,0.5422,0.49,0.5266,0.4589,0.6074,0.6071,0.5071,0.4585,0.608,0.5329,0.5125,0.5215,0.3226,0.4551,0.5235,0.5537,0.4507,0.4919
2ysb_A_7-49,D1000,681,43,64579,3603.9,-0.513,-0.5711,0.5815,0.6066,0.532,0.5157,0.5583,0.5077,0.6168,0.6133,0.5911,0.5935,0.4675,0.4574,0.4205,0.3938,0.6108,0.5917,0.5991,0.5755,0.631,0.6192,0.6493,0.6424,0.6371,0.6291,0.6621,0.6571,0.6735,0.7066,0.6313,0.6386,0.7037,0.7028,0.7025,0.6974,0.5847,0.5412,0.522,0.5541,0.4422,0.3843,0.3124,0.3388,0.4626,0.4452,0.3051,0.2931,0.3131,0.2614
2lt1_A_4-75,D1000,1364,72,4252,1509.0,-0.387,-0.3835,0.2419,0.3031,0.2997,0.3638,0.3096,0.375,0.3693,0.4144,0.3934,0.4023,0.3528,0.3463,0.341,0.346,0.3642,0.378,0.3362,0.3705,0.3961,0.4404,0.4077,0.444,0.4331,0.4581,0.4671,0.4433,0.4766,0.4597,0.4608,0.4546,0.4659,0.4535,0.4241,0.4494,0.595,0.5407,0.5509,0.5371,0.5264,0.4691,0.6174,0.5431,0.5102,0.5644,0.6658,0.6452,0.6133,0.6432
1yg0_A_1-66,D10000,1243,66,80913,42642.3,-0.5468,-0.5692,0.2501,0.3192,0.2546,0.2936,0.2567,0.2967,0.3092,0.3316,0.2974,0.329,0.2988,0.3285,0.2593,0.2842,0.3036,0.3156,0.2962,0.3028,0.4588,0.4643,0.4633,0.4667,0.4717,0.4642,0.5455,0.531,0.5199,0.5396,0.4617,0.4581,0.5416,0.5247,0.5335,0.5279,0.7149,0.7572,0.6489,0.6706,0.6782,0.6808,0.6497,0.637,0.5808,0.5742,0.6692,0.6768,0.6996,0.6741
1ify_A_161-204,D100,797,44,3413,567.3,-0.51,-0.5653,0.4076,0.423,0.5346,0.5418,0.5718,0.5667,0.6219,0.6234,0.5931,0.5882,0.5009,0.4725,0.5091,0.4804,0.4834,0.5176,0.4976,0.537,0.6739,0.6706,0.6922,0.687,0.7103,0.6909,0.6984,0.6596,0.6854,0.6628,0.6958,0.6704,0.6424,0.6515,0.6343,0.642,0.6846,0.6722,0.7626,0.7164,0.7427,0.7227,0.674,0.5656,0.6463,0.7145,0.7322,0.7667,0.6342,0.6774
1o6x_A_8-79,D100,1352,72,1571,599.4,-0.501,-0.4696,0.2954,0.2932,0.458,0.3958,0.4684,0.4027,0.4911,0.4248,0.4708,0.386,0.4399,0.3629,0.4501,0.372,0.3914,0.3385,0.4129,0.3897,0.6461,0.5528,0.6459,0.5535,0.6455,0.5485,0.6237,0.5182,0.644,0.5469,0.635,0.5429,0.6247,0.5465,0.6204,0.5547,0.7684,0.6948,0.7414,0.5865,0.7437,0.6259,0.7372,0.6545,0.5867,0.7243,0.6512,0.765,0.718,0.7808
2lqk_A_5-66,D10,1003,62,138,86.5,-0.2971,-0.3002,0.502,0.4815,0.4329,0.429,0.4402,0.4375,0.4931,0.4765,0.4557,0.4329,0.3871,0.392,0.4036,0.4112,0.3216,0.3274,0.4847,0.4944,0.4855,0.4702,0.4915,0.4798,0.504,0.4946,0.4738,0.449,0.4691,0.4486,0.4809,0.4623,0.4142,0.3983,0.4956,0.4899,0.5227,0.548,0.5182,0.5319,0.4562,0.4412,0.4085,0.3522,0.4782,0.4601,0.5385,0.5496,0.5348,0.4844
2n88_A_53-100,D1000,886,48,4384,1200.8,-0.5263,-0.5474,0.4146,0.3575,0.5608,0.5248,0.5949,0.5475,0.5842,0.5402,0.488,0.4543,0.5406,0.5047,0.5462,0.5004,0.5237,0.5161,0.5539,0.5484,0.6862,0.6486,0.7036,0.6534,0.6879,0.6297,0.6468,0.5809,0.701,0.6403,0.7027,0.6353,0.6695,0.6463,0.6879,0.6596,0.6687,0.6374,0.6673,0.6306,0.7052,0.6597,0.6252,0.5735,0.5635,0.6631,0.6391,0.6973,0.5557,0.61
5vnt_A_21-82,D100,1143,62,11229,933.8,-0.4108,-0.4676,0.3425,0.3711,0.4398,0.4568,0.4758,0.4771,0.4701,0.4968,0.43,0.4599,0.4289,0.4347,0.4237,0.4292,0.4567,0.4615,0.5054,0.5127,0.5061,0.5488,0.5268,0.5663,0.5144,0.5525,0.4936,0.5242,0.5163,0.5514,0.5091,0.5467,0.5223,0.5481,0.5456,0.5664,0.5383,0.5762,0.5445,0.5517,0.4453,0.5032,0.494,0.4987,0.4472,0.4673,0.4738,0.4866,0.3719,0.4023
1yu5_X_12-76,D1000,1201,65,12791,1076.8,-0.5419,-0.5626,0.4376,0.4611,0.5745,0.6159,0.642,0.6653,0.6215,0.6403,0.6039,0.6197,0.5998,0.6133,0.6105,0.6203,0.5929,0.6235,0.6184,0.6543,0.6815,0.6985,0.7197,0.7261,0.7082,0.7106,0.6869,0.6699,0.6988,0.7003,0.7052,0.708,0.6963,0.701,0.7012,0.716,0.6363,0.6221,0.6867,0.6799,0.6403,0.6378,0.5846,0.5551,0.5076,0.5723,0.5532,0.6193,0.4791,0.512
2l3x_A_2-67_mut1,D100,1247,66,12256,914.2,-0.6173,-0.6085,0.5193,0.5528,0.5998,0.6492,0.6553,0.6536,0.6713,0.6699,0.6627,0.6351,0.6538,0.6558,0.6419,0.6238,0.6323,0.69,0.6333,0.6935,0.7921,0.7505,0.8104,0.7495,0.8168,0.753,0.8165,0.7362,0.8338,0.7687,0.8241,0.7472,0.8112,0.773,0.7997,0.7576,0.6565,0.564,0.7001,0.5911,0.7341,0.6105,0.6133,0.5478,0.5576,0.7083,0.5444,0.6637,0.391,0.4652
2kfv_A_24-92,D100,1232,69,390,103.5,-0.51,-0.4995,0.4059,0.3782,0.4093,0.3991,0.4272,0.4204,0.4173,0.3742,0.3922,0.358,0.3829,0.4054,0.4021,0.4273,0.2755,0.271,0.4159,0.4065,0.6324,0.5676,0.6453,0.5783,0.6225,0.5515,0.6177,0.5417,0.6283,0.5673,0.6346,0.5776,0.5753,0.5324,0.6127,0.5587,0.636,0.5921,0.6568,0.5099,0.6406,0.5608,0.6169,0.5193,0.4727,0.6118,0.5801,0.6645,0.3752,0.464
2hbb_con_af,D1000,856,46,18954,5289.1,-0.5758,-0.6103,0.3714,0.3098,0.4549,0.3904,0.4525,0.3833,0.4903,0.409,0.4621,0.3643,0.4031,0.3068,0.4229,0.3261,0.4445,0.3966,0.407,0.351,0.6735,0.6105,0.6726,0.6099,0.686,0.5995,0.6753,0.5874,0.6826,0.5962,0.6883,0.6042,0.6767,0.6337,0.6622,0.624,0.698,0.6555,0.6857,0.6383,0.6906,0.6459,0.5923,0.5242,0.5908,0.6502,0.6927,0.7059,0.5915,0.5915
2hbb_A_1-48,D1000,792,48,18547,5732.1,-0.5083,-0.5355,0.1883,0.1726,0.3136,0.3248,0.3258,0.3327,0.3246,0.339,0.2892,0.3046,0.2747,0.2813,0.2803,0.2918,0.3619,0.3356,0.3237,0.284,0.507,0.5095,0.5155,0.5234,0.4827,0.4817,0.4817,0.4693,0.5147,0.5219,0.5086,0.5162,0.5628,0.5551,0.552,0.5429,0.6066,0.6077,0.6411,0.6165,0.6097,0.6361,0.6115,0.5679,0.5763,0.5934,0.6188,0.5747,0.5542,0.5446
3l1x_A_1227-1295,D1000,1114,69,5847,1549.5,-0.5932,-0.6068,0.5283,0.4995,0.5407,0.5245,0.5497,0.5263,0.6102,0.5857,0.5983,0.5693,0.4954,0.4827,0.4912,0.4822,0.4948,0.4814,0.4965,0.499,0.6867,0.7082,0.6823,0.7048,0.6965,0.7212,0.6991,0.7407,0.7056,0.7443,0.6711,0.7025,0.7193,0.7398,0.7017,0.7178,0.5526,0.5633,0.6483,0.6976,0.6107,0.6223,0.4302,0.3988,0.4744,0.4462,0.4784,0.5384,0.4635,0.4535
2jro_A_1-64,D10,1203,64,161,54.7,-0.6137,-0.6169,0.3556,0.349,0.4066,0.3926,0.4228,0.4092,0.3968,0.3758,0.4034,0.3846,0.4361,0.4486,0.4356,0.4424,0.354,0.3235,0.3456,0.3315,0.6604,0.6031,0.6699,0.6052,0.625,0.5605,0.6532,0.5882,0.7055,0.626,0.6947,0.6101,0.6779,0.6297,0.6322,0.5914,0.7277,0.6532,0.7164,0.5946,0.7116,0.5957,0.6613,0.5228,0.5676,0.6761,0.6048,0.714,0.5023,0.6093
4hck_A_80-138,D10000,1036,59,146517,17555.3,-0.5515,-0.543,0.4459,0.4152,0.5407,0.5393,0.5519,0.537,0.6086,0.5707,0.573,0.5238,0.5031,0.492,0.4681,0.4671,0.5969,0.5847,0.5584,0.5351,0.648,0.6657,0.6633,0.6748,0.6662,0.6582,0.6661,0.6327,0.7152,0.6976,0.6974,0.6861,0.7053,0.6898,0.7092,0.6884,0.614,0.5844,0.711,0.6925,0.6349,0.5865,0.6229,0.5598,0.4845,0.5423,0.6185,0.6576,0.5767,0.5685
2kgt_A_9-71,D10000,1126,63,119320,13175.7,-0.4702,-0.4991,0.4189,0.4304,0.4031,0.3822,0.4283,0.402,0.4835,0.4623,0.5003,0.5022,0.397,0.4134,0.3408,0.3285,0.5055,0.4865,0.4842,0.4667,0.4976,0.5014,0.5156,0.5128,0.5197,0.5236,0.5706,0.5767,0.5693,0.5924,0.4993,0.4945,0.598,0.5996,0.5991,0.5969,0.6242,0.5868,0.6658,0.6411,0.5561,0.522,0.5842,0.5404,0.5083,0.5313,0.5509,0.579,0.5107,0.5437
1y0m_A_793-850,D10000,1097,58,140822,15319.2,-0.5504,-0.5897,0.4587,0.5112,0.5107,0.5026,0.5123,0.4936,0.5579,0.5417,0.6461,0.662,0.5651,0.5721,0.4296,0.4271,0.5807,0.5714,0.6216,0.6067,0.6106,0.6194,0.6098,0.621,0.5998,0.6242,0.6743,0.7084,0.6951,0.7386,0.594,0.617,0.6597,0.6624,0.7079,0.7204,0.5595,0.5558,0.658,0.6789,0.5426,0.5701,0.5497,0.5435,0.4056,0.4621,0.5936,0.5733,0.4788,0.485
2kr3_A_5-69,D10000,1094,65,119559,11389.8,-0.3884,-0.4019,0.4892,0.4812,0.5085,0.4633,0.5323,0.4847,0.5661,0.5258,0.4933,0.4799,0.4948,0.5023,0.4625,0.4364,0.568,0.547,0.5299,0.508,0.5765,0.5528,0.5988,0.5689,0.5902,0.5579,0.5713,0.5194,0.64,0.6188,0.6015,0.5619,0.6399,0.6049,0.6381,0.5946,0.4674,0.4247,0.5702,0.5668,0.5508,0.5676,0.4581,0.4227,0.4183,0.5052,0.4879,0.5387,0.4891,0.4879
2j6k_con_af,D10000,1025,54,159090,17972.4,-0.5762,-0.5995,0.4659,0.5032,0.5256,0.5415,0.5178,0.5258,0.5722,0.5756,0.5332,0.5353,0.4739,0.4886,0.4196,0.455,0.5423,0.5649,0.5141,0.522,0.6571,0.6738,0.6558,0.6666,0.6453,0.673,0.6341,0.6589,0.6498,0.6673,0.6249,0.6456,0.6754,0.6753,0.6699,0.6715,0.592,0.5762,0.6181,0.6296,0.6054,0.6124,0.5871,0.584,0.4758,0.5053,0.6022,0.595,0.5155,0.5021
6nmw_A_64-122,D10000,1013,59,145092,17125.0,-0.5106,-0.4885,0.3547,0.278,0.4741,0.4523,0.4583,0.4241,0.5227,0.4837,0.4809,0.4393,0.391,0.3834,0.3677,0.3615,0.5132,0.4937,0.4632,0.4354,0.5923,0.5677,0.5882,0.5595,0.5918,0.5511,0.5996,0.5517,0.6333,0.5918,0.5983,0.5558,0.6396,0.6067,0.6364,0.5958,0.6017,0.5831,0.6829,0.6938,0.625,0.577,0.5714,0.5086,0.4387,0.4659,0.4937,0.539,0.5112,0.4986
1qly_A_1-58,D10000,1051,58,153785,17398.9,-0.5575,-0.571,0.4344,0.411,0.4936,0.4912,0.5165,0.512,0.6052,0.5534,0.6174,0.5789,0.6064,0.5674,0.5153,0.482,0.5934,0.6008,0.603,0.5939,0.6049,0.6024,0.6254,0.6242,0.6619,0.6097,0.7006,0.6597,0.7466,0.6988,0.677,0.6327,0.6998,0.6721,0.7269,0.6829,0.6371,0.5991,0.7326,0.7061,0.706,0.6402,0.6614,0.5732,0.4508,0.5281,0.6127,0.6946,0.5313,0.5429
1h92_A_6-62,D10000,993,57,138293,15341.0,-0.472,-0.4927,0.3172,0.2885,0.4532,0.4489,0.4401,0.4238,0.498,0.4897,0.4629,0.4471,0.4337,0.4487,0.3703,0.3708,0.5055,0.4945,0.4843,0.4726,0.5295,0.559,0.5262,0.5497,0.523,0.552,0.5192,0.5258,0.5828,0.6033,0.5324,0.5306,0.5743,0.6023,0.5828,0.6043,0.587,0.5911,0.6522,0.6916,0.5373,0.5285,0.5492,0.5007,0.4425,0.4748,0.5685,0.5677,0.569,0.5687
1s1n_A_153-211_V181A,D10000,1104,59,149666,18457.5,-0.5116,-0.5346,0.3684,0.393,0.4858,0.4913,0.5193,0.5126,0.5648,0.5557,0.5188,0.514,0.4834,0.464,0.4646,0.4397,0.5601,0.5489,0.5375,0.5175,0.5621,0.5862,0.589,0.6141,0.5849,0.5992,0.5837,0.5822,0.6315,0.6477,0.61,0.6128,0.6333,0.6434,0.6357,0.6429,0.6727,0.637,0.6806,0.6739,0.6515,0.6326,0.6223,0.5569,0.4833,0.5514,0.6876,0.7064,0.5841,0.604
1gl5_A_180-237,D10000,1075,58,145861,16137.8,-0.5797,-0.5898,0.3893,0.419,0.4927,0.509,0.5,0.5129,0.56,0.5662,0.5958,0.5999,0.5034,0.5101,0.4102,0.4259,0.5799,0.5947,0.5739,0.5756,0.5781,0.6234,0.5939,0.6432,0.591,0.6279,0.652,0.6754,0.687,0.7195,0.6029,0.6399,0.6698,0.6959,0.6945,0.7102,0.6399,0.6141,0.709,0.7284,0.6867,0.6525,0.5979,0.5406,0.4782,0.5415,0.6469,0.6734,0.542,0.5524
1srm_A_9-63,D10000,1033,55,147519,15308.4,-0.5472,-0.5551,0.3901,0.381,0.5241,0.5503,0.5429,0.5612,0.604,0.5868,0.5766,0.532,0.5659,0.5548,0.5253,0.5477,0.5847,0.5961,0.5831,0.5831,0.6285,0.6653,0.6472,0.674,0.6623,0.6693,0.6689,0.6247,0.7092,0.6776,0.6771,0.6706,0.7023,0.6989,0.7058,0.6854,0.5814,0.5142,0.6613,0.6566,0.6084,0.5831,0.6266,0.5468,0.4928,0.5419,0.5749,0.6497,0.5492,0.5506
1zlm_A_14-69,D10000,1029,56,154248,16133.9,-0.5043,-0.4926,0.521,0.5035,0.5858,0.5764,0.578,0.5627,0.6542,0.6342,0.5932,0.5841,0.4836,0.5019,0.4817,0.4822,0.5786,0.5819,0.5384,0.538,0.654,0.6256,0.6533,0.6222,0.6681,0.6538,0.6367,0.5943,0.6552,0.6147,0.6361,0.5898,0.6741,0.6394,0.6691,0.63,0.5645,0.5385,0.674,0.6705,0.6202,0.5694,0.6211,0.5839,0.4761,0.5415,0.6329,0.6529,0.5096,0.5232
3i35_A_205-261,D10000,1044,57,143705,16319.4,-0.5943,-0.6206,0.3991,0.3494,0.4543,0.4327,0.4598,0.4342,0.52,0.4734,0.4943,0.4577,0.499,0.4903,0.4394,0.4325,0.5065,0.4909,0.5211,0.5167,0.5946,0.5941,0.5958,0.5926,0.6106,0.5867,0.6411,0.6104,0.6712,0.6667,0.6178,0.5964,0.6607,0.6489,0.6845,0.6719,0.5826,0.5523,0.6299,0.6291,0.582,0.5645,0.5739,0.5393,0.4842,0.4977,0.6393,0.6292,0.468,0.4618
2lp5_A_2-58,D10000,1067,57,148002,16450.2,-0.4797,-0.4847,0.2725,0.274,0.4184,0.4524,0.4386,0.4684,0.4853,0.491,0.4419,0.4169,0.4927,0.4992,0.4513,0.4647,0.5146,0.5297,0.499,0.4925,0.4902,0.5664,0.5132,0.5795,0.5224,0.5562,0.5326,0.5021,0.6085,0.6236,0.569,0.5855,0.5796,0.6237,0.5904,0.6152,0.5859,0.5245,0.6302,0.6266,0.5988,0.5766,0.5888,0.5175,0.5159,0.5414,0.5959,0.6527,0.5428,0.5779
2kcm_A_1-68,D10000,1188,68,43581,10873.4,-0.6009,-0.6142,0.4824,0.4711,0.5448,0.534,0.5862,0.5684,0.6217,0.5784,0.6685,0.6519,0.6445,0.6194,0.5904,0.5407,0.6711,0.6605,0.6541,0.6455,0.6738,0.6175,0.7015,0.6511,0.7161,0.6408,0.779,0.73,0.7448,0.725,0.6985,0.6377,0.7751,0.7354,0.7667,0.7263,0.6584,0.6242,0.7139,0.6612,0.6821,0.6154,0.6629,0.6088,0.5309,0.603,0.7563,0.7674,0.5327,0.5791
2l7m_P_6-57,D1000,935,52,82361,5413.1,-0.5192,-0.5067,0.5249,0.507,0.5786,0.5517,0.6228,0.5945,0.587,0.5572,0.4819,0.4846,0.5028,0.5543,0.5217,0.5569,0.5673,0.5517,0.5572,0.5427,0.6929,0.6431,0.7271,0.6774,0.6945,0.6461,0.6412,0.6102,0.7254,0.6755,0.7272,0.679,0.7186,0.6682,0.714,0.6613,0.6218,0.5813,0.5835,0.4933,0.646,0.5224,0.586,0.546,0.51,0.6023,0.5878,0.6583,0.6476,0.6769
5z2s_A_5-51,D1000,643,47,42914,3294.9,-0.1958,-0.1579,0.2107,0.1879,0.2954,0.2874,0.3405,0.3351,0.2965,0.3102,0.2704,0.274,0.3056,0.2908,0.3101,0.3013,0.3494,0.3508,0.3437,0.3355,0.3239,0.2622,0.356,0.3186,0.3146,0.2814,0.2701,0.235,0.3453,0.3222,0.3576,0.3433,0.3458,0.3084,0.3431,0.2917,0.4248,0.4133,0.3841,0.3324,0.4252,0.4177,0.2619,0.2682,0.2886,0.3222,0.3675,0.3485,0.5467,0.5401
2jwt_A_5-54,D1000,932,50,84801,5137.4,-0.5636,-0.5392,0.3235,0.2412,0.4599,0.394,0.524,0.4529,0.4973,0.4089,0.3876,0.2968,0.4487,0.4183,0.4637,0.4396,0.4874,0.4403,0.4706,0.4115,0.6518,0.5549,0.6903,0.5968,0.6712,0.5516,0.62,0.505,0.7042,0.6022,0.702,0.607,0.698,0.6136,0.6931,0.6044,0.7238,0.632,0.6905,0.555,0.7127,0.6173,0.6773,0.5734,0.4191,0.641,0.6077,0.7469,0.5826,0.6943
2m0c_A_15-62,D1000,826,48,73221,4753.3,-0.4452,-0.4273,0.4452,0.401,0.5164,0.4725,0.5471,0.4931,0.5548,0.4719,0.4524,0.3661,0.4335,0.3876,0.478,0.4506,0.4602,0.4111,0.4476,0.4019,0.6211,0.5495,0.6413,0.5686,0.6327,0.5339,0.5629,0.4806,0.6265,0.5402,0.648,0.5745,0.6102,0.5333,0.6065,0.534,0.5778,0.5336,0.5419,0.4426,0.5464,0.5124,0.5249,0.4859,0.4116,0.5072,0.5334,0.6231,0.5168,0.5494
2btt_A_1122-1182,D1000,941,61,92559,8680.9,-0.3074,-0.3059,0.3005,0.2703,0.3781,0.373,0.3614,0.3479,0.4107,0.411,0.4236,0.3878,0.2581,0.288,0.2139,0.2208,0.4368,0.4399,0.4156,0.4202,0.3932,0.4106,0.3938,0.3954,0.4075,0.4183,0.4402,0.4189,0.4339,0.4442,0.367,0.3664,0.4667,0.4646,0.4632,0.4541,0.4579,0.4466,0.4477,0.4396,0.3873,0.3617,0.3851,0.3659,0.2712,0.2997,0.4285,0.4475,0.4318,0.39
2jrr_A_4-60,D100,1080,57,2850,813.7,-0.2041,-0.4022,0.2139,0.2755,0.2361,0.2859,0.2461,0.2976,0.2122,0.2954,0.1604,0.2959,0.1746,0.2751,0.2164,0.2878,0.153,0.2659,0.2152,0.2878,0.3347,0.4286,0.3411,0.4345,0.3094,0.416,0.2486,0.4063,0.2936,0.4247,0.3222,0.4279,0.2834,0.4318,0.3273,0.4447,0.2669,0.4537,0.3142,0.4226,0.2254,0.4017,0.2568,0.4238,0.4376,0.3497,0.4231,0.3256,0.3207,0.2748
3dkm_A_1267-1338,D1000,1242,72,6500,1059.3,-0.5115,-0.5192,0.6348,0.6308,0.6181,0.6333,0.6484,0.6502,0.6505,0.6582,0.6017,0.613,0.5266,0.5435,0.5329,0.5364,0.6208,0.6502,0.6748,0.7044,0.6857,0.7134,0.6908,0.7193,0.6993,0.7285,0.6731,0.6926,0.6746,0.692,0.6534,0.6752,0.706,0.7086,0.73,0.7406,0.5386,0.5365,0.6263,0.649,0.5921,0.523,0.4697,0.4383,0.5497,0.5256,0.4869,0.4959,0.3358,0.36
5aht_A_1-43,D1000,565,43,64556,3342.8,-0.401,-0.3892,0.518,0.5436,0.4522,0.4414,0.4655,0.4425,0.4664,0.4529,0.4262,0.4324,0.3427,0.3776,0.2757,0.307,0.5354,0.5439,0.5277,0.5377,0.5774,0.5191,0.5879,0.5488,0.5626,0.5067,0.5307,0.473,0.5813,0.5544,0.5437,0.5143,0.6256,0.5951,0.6196,0.5896,0.3945,0.3085,0.4372,0.4263,0.3846,0.1461,0.2904,0.2508,0.4334,0.4309,0.1257,0.1991,0.2266,0.2534
2op7_A_1-39,D1000,684,39,64314,3196.1,-0.6662,-0.7174,0.4898,0.5523,0.5161,0.5162,0.5654,0.5192,0.6312,0.6351,0.6127,0.6114,0.4778,0.4396,0.4294,0.3828,0.5569,0.5796,0.5579,0.5866,0.7184,0.7223,0.7517,0.7418,0.7318,0.7288,0.7216,0.7362,0.7816,0.7814,0.752,0.742,0.7553,0.775,0.7615,0.7713,0.6664,0.6738,0.5859,0.6551,0.5757,0.5495,0.5366,0.5539,0.5925,0.5808,0.438,0.5054,0.4648,0.4472
2ysf_A_7-40,D1000,534,34,63531,2677.6,-0.5561,-0.6155,0.3823,0.4256,0.4113,0.4197,0.4645,0.4376,0.4957,0.5005,0.5114,0.5057,0.3827,0.3759,0.3484,0.3453,0.4519,0.457,0.4646,0.4769,0.5876,0.6103,0.6302,0.649,0.5976,0.6271,0.6187,0.6753,0.6332,0.6807,0.6209,0.6553,0.6207,0.6665,0.629,0.665,0.5496,0.518,0.5908,0.6034,0.5757,0.6419,0.484,0.4978,0.5884,0.5575,0.3955,0.4202,0.4963,0.4827
2ysh_A_4-40,D1000,637,37,71799,4403.5,-0.5316,-0.5521,0.499,0.4926,0.5873,0.5497,0.6497,0.6002,0.6265,0.5976,0.5849,0.6072,0.5228,0.4749,0.535,0.4811,0.61,0.584,0.606,0.5874,0.6768,0.6263,0.7262,0.6886,0.6921,0.6446,0.6887,0.654,0.6994,0.6656,0.6989,0.6654,0.711,0.684,0.7091,0.6846,0.6641,0.6523,0.6282,0.6302,0.6404,0.6018,0.529,0.485,0.5597,0.5961,0.5237,0.5596,0.5275,0.5125
1gjs_A_18-62,D10,815,45,265,85.7,-0.4249,-0.4094,0.4223,0.3764,0.4672,0.4487,0.4673,0.4457,0.5026,0.4669,0.5089,0.475,0.4339,0.4546,0.437,0.4465,0.3793,0.4001,0.4406,0.4694,0.5901,0.5196,0.5929,0.5147,0.5737,0.5338,0.5783,0.5224,0.5883,0.5215,0.5892,0.5137,0.5617,0.5234,0.5575,0.5249,0.6008,0.6363,0.5562,0.5397,0.5998,0.5435,0.5631,0.5388,0.5517,0.5514,0.6821,0.6859,0.6468,0.6123
2mwa_A_428-464_af,D1000,665,37,22944,3170.9,-0.4413,-0.425,0.619,0.5763,0.5794,0.4904,0.6233,0.5379,0.6414,0.5892,0.6394,0.6085,0.4883,0.3817,0.4974,0.3862,0.5731,0.5331,0.5526,0.5274,0.6584,0.572,0.6771,0.601,0.6918,0.6448,0.6758,0.6246,0.628,0.5684,0.6332,0.5683,0.6488,0.5867,0.6391,0.5842,0.6522,0.5536,0.5475,0.4419,0.5736,0.4361,0.458,0.4067,0.542,0.6031,0.4646,0.5898,0.4159,0.5281
1v1c_A_2-66,D100,1209,65,4070,221.1,-0.61,-0.6143,0.6257,0.6388,0.5702,0.5875,0.6324,0.5836,0.6344,0.6164,0.6027,0.5986,0.5645,0.5423,0.5719,0.5318,0.5782,0.6162,0.6234,0.6611,0.7304,0.697,0.7523,0.6932,0.7433,0.7094,0.7356,0.6955,0.7491,0.694,0.7386,0.6686,0.7503,0.7289,0.7295,0.7174,0.7561,0.7183,0.7474,0.6434,0.7231,0.6179,0.734,0.6275,0.5806,0.7515,0.5801,0.7063,0.5414,0.6358
1ufm_A_293-364,D100,1366,72,2081,539.7,-0.5638,-0.5608,0.2843,0.2948,0.417,0.3888,0.4474,0.4091,0.4459,0.4017,0.4228,0.3674,0.4704,0.4274,0.4622,0.4192,0.4156,0.3796,0.4127,0.3734,0.6449,0.5732,0.6509,0.5739,0.6562,0.5756,0.6479,0.5499,0.6824,0.5908,0.67,0.5821,0.6574,0.5811,0.6417,0.578,0.7544,0.7053,0.752,0.6473,0.7013,0.6386,0.7378,0.6729,0.5113,0.6489,0.664,0.7285,0.6531,0.7111
4c26_A_-2-59,D1000,1159,62,6307,3865.5,-0.5699,-0.5192,0.2505,0.2239,0.4488,0.4093,0.4493,0.4055,0.4953,0.4378,0.4718,0.4238,0.5147,0.5013,0.4664,0.4,0.5056,0.5139,0.4798,0.5022,0.704,0.5933,0.7028,0.5876,0.7155,0.5938,0.6813,0.5747,0.7147,0.6438,0.6877,0.5754,0.7204,0.6515,0.7088,0.6455,0.6785,0.5622,0.6656,0.5563,0.7747,0.7033,0.681,0.5536,0.475,0.6628,0.5861,0.7408,0.4909,0.5743
4uzw_A_1-44,D1000,768,44,3427,1454.1,-0.587,-0.5955,0.5837,0.5436,0.6133,0.5783,0.6191,0.5837,0.6711,0.6542,0.6035,0.5955,0.4474,0.4126,0.4428,0.3969,0.6083,0.5911,0.6505,0.6495,0.7279,0.683,0.7371,0.6899,0.7501,0.7101,0.7376,0.6985,0.7093,0.6531,0.6944,0.6397,0.76,0.6978,0.7648,0.7046,0.644,0.6079,0.6571,0.6228,0.6744,0.6033,0.5787,0.5467,0.5627,0.6352,0.6133,0.6463,0.5951,0.5978
1pv0_A_1-44,D100,834,44,757,493.3,-0.5559,-0.5173,0.4782,0.5037,0.5805,0.5959,0.5822,0.5961,0.5756,0.5777,0.5721,0.5707,0.5761,0.5783,0.5862,0.5818,0.543,0.6063,0.5055,0.571,0.6922,0.6435,0.6919,0.6413,0.6773,0.6304,0.6822,0.6232,0.7012,0.6392,0.7054,0.6446,0.6906,0.6466,0.6641,0.6306,0.7466,0.6588,0.7395,0.673,0.7747,0.6414,0.6967,0.6343,0.6856,0.7166,0.7747,0.7839,0.6443,0.6695
2m8u_A_9-75,D10000,1270,67,117401,38599.0,-0.5338,-0.521,0.36,0.3231,0.5203,0.4767,0.5318,0.4864,0.5632,0.4831,0.3586,0.3363,0.4278,0.4057,0.4676,0.4492,0.493,0.4692,0.4609,0.4294,0.6336,0.5574,0.6404,0.5705,0.6402,0.5498,0.5753,0.513,0.6461,0.5702,0.6473,0.5716,0.6455,0.5832,0.6447,0.5715,0.6677,0.6035,0.6056,0.5091,0.6891,0.5952,0.5563,0.4464,0.531,0.632,0.5782,0.6701,0.5295,0.6023
2ami_A_3-74,D10000,1348,72,141344,46779.8,-0.32,-0.2734,0.3737,0.3344,0.5023,0.4408,0.4994,0.4402,0.564,0.4634,0.4524,0.3452,0.3885,0.3197,0.4201,0.4044,0.5146,0.4657,0.4425,0.3646,0.5414,0.4723,0.5325,0.4754,0.5674,0.4725,0.4941,0.3747,0.5286,0.3998,0.5781,0.4785,0.5431,0.4681,0.5332,0.4137,0.6324,0.5695,0.6155,0.5003,0.5443,0.3477,0.5597,0.4165,0.5861,0.7016,0.5697,0.6461,0.6852,0.7516
2rrt_A_5-71,D10000,1269,67,133507,44081.5,-0.4247,-0.3783,0.4202,0.3956,0.5556,0.4511,0.5427,0.4324,0.6296,0.4651,0.434,0.2759,0.4525,0.3831,0.4639,0.4122,0.5266,0.4393,0.4695,0.3787,0.6743,0.5349,0.6617,0.5214,0.6909,0.5236,0.5438,0.3849,0.6617,0.4935,0.6752,0.5108,0.6591,0.5087,0.6451,0.4868,0.6797,0.587,0.7046,0.5396,0.635,0.4619,0.601,0.4612,0.6394,0.7542,0.5926,0.6779,0.6378,0.7106
2k2a_A_92-154,D10000,1142,63,120888,40944.8,-0.497,-0.4916,0.3777,0.4331,0.4552,0.444,0.4512,0.4443,0.459,0.4823,0.4365,0.4514,0.356,0.4216,0.3393,0.4248,0.4515,0.4446,0.4371,0.4268,0.5908,0.6159,0.579,0.6114,0.5825,0.6236,0.5912,0.601,0.6207,0.6119,0.6008,0.6141,0.5983,0.6094,0.6277,0.6143,0.696,0.6584,0.6504,0.618,0.5647,0.4966,0.5906,0.4912,0.5268,0.6207,0.6786,0.7171,0.6017,0.6599
2lyr_A_1-62,D10000,1176,62,55190,28997.1,-0.5939,-0.6019,0.4575,0.4804,0.6735,0.6671,0.6833,0.6757,0.7389,0.6902,0.6552,0.6014,0.6185,0.5921,0.6645,0.6237,0.6618,0.6744,0.6326,0.6303,0.755,0.7214,0.7595,0.7269,0.7734,0.7287,0.7306,0.6666,0.7669,0.7188,0.7743,0.7268,0.7754,0.7373,0.777,0.7281,0.7532,0.7371,0.7201,0.6128,0.7446,0.6748,0.7245,0.647,0.5028,0.6606,0.6607,0.7413,0.6537,0.7086
2lo1_A_6-70,D10000,1199,65,119362,34802.3,-0.5648,-0.5186,0.5234,0.5252,0.5403,0.5172,0.5716,0.5396,0.6273,0.5536,0.5344,0.4297,0.4921,0.4401,0.5193,0.4678,0.5392,0.509,0.5188,0.4545,0.7382,0.6487,0.7532,0.6623,0.7657,0.6556,0.6947,0.5574,0.7565,0.6402,0.7778,0.6672,0.7462,0.6537,0.7506,0.6391,0.7099,0.6456,0.7163,0.5575,0.7464,0.6831,0.6946,0.572,0.5958,0.7211,0.5656,0.715,0.5951,0.7053
2lgw_A_3-67,D10000,1212,65,116645,36190.0,-0.5989,-0.5818,0.529,0.5195,0.5806,0.5678,0.6041,0.581,0.6706,0.6023,0.6078,0.5534,0.5974,0.5641,0.6021,0.5684,0.6014,0.5968,0.5816,0.5716,0.7525,0.66,0.7671,0.668,0.7913,0.6755,0.7439,0.6441,0.771,0.6723,0.7862,0.6766,0.757,0.6732,0.7602,0.6748,0.6721,0.6102,0.7062,0.5927,0.7547,0.6685,0.6791,0.5702,0.5309,0.6612,0.5956,0.7328,0.5476,0.668
2och_A_5-66,D10000,1077,62,118659,36543.7,-0.4036,-0.3801,0.46,0.486,0.4734,0.4788,0.4959,0.4955,0.5133,0.506,0.4302,0.4283,0.3919,0.4048,0.4253,0.4442,0.4792,0.4721,0.4332,0.4131,0.6053,0.5686,0.619,0.5835,0.6045,0.5792,0.5394,0.5046,0.5934,0.5513,0.6164,0.5808,0.6111,0.5666,0.5985,0.549,0.6109,0.5816,0.5985,0.5224,0.5712,0.5553,0.5341,0.4485,0.5415,0.5948,0.5007,0.5389,0.539,0.5786
2myx_A_61-112,D10,957,52,223,88.2,-0.5476,-0.6044,0.4329,0.4534,0.4652,0.4969,0.5128,0.527,0.5178,0.5441,0.5208,0.5303,0.4864,0.5076,0.4775,0.4999,0.3787,0.3822,0.5515,0.5757,0.6456,0.6335,0.6639,0.6535,0.636,0.6323,0.6517,0.6415,0.6736,0.6552,0.6653,0.6417,0.6544,0.6525,0.662,0.6675,0.6989,0.676,0.7216,0.7337,0.576,0.5882,0.5779,0.5004,0.6207,0.6291,0.6244,0.6644,0.6022,0.6044
2hdz_A_11-60,D10,892,50,723,15.5,-0.6438,-0.6079,0.317,0.3057,0.2769,0.2507,0.2954,0.2981,0.4288,0.3967,0.3987,0.3796,0.3039,0.3365,0.3039,0.3288,0.1621,0.0635,0.2859,0.2867,0.6905,0.6313,0.674,0.6142,0.6647,0.6033,0.6545,0.5784,0.6822,0.6297,0.6796,0.6305,0.6576,0.6089,0.6509,0.5909,0.7104,0.6773,0.6312,0.5281,0.7051,0.571,0.6307,0.5429,0.5813,0.6914,0.571,0.7004,0.5054,0.5564
1qp2_A_1-70,D100,1089,63,937,165.6,-0.397,-0.4142,0.2521,0.2905,0.3585,0.3939,0.3857,0.4204,0.3433,0.3796,0.3025,0.3529,0.3419,0.3837,0.3472,0.3884,0.315,0.3279,0.3926,0.4301,0.5094,0.539,0.5318,0.5572,0.4948,0.5207,0.4739,0.4965,0.5183,0.5451,0.5255,0.551,0.4909,0.5185,0.5195,0.5451,0.5193,0.5267,0.4888,0.5108,0.4435,0.4537,0.4878,0.4919,0.4241,0.4406,0.5329,0.48,0.4061,0.4046
1orc_A_3-60,D100,1194,63,539,244.3,-0.5482,-0.5068,0.3925,0.3607,0.4633,0.4632,0.4591,0.4525,0.4603,0.4493,0.4378,0.38,0.4736,0.4554,0.4698,0.4589,0.4249,0.4127,0.422,0.4361,0.628,0.5631,0.6264,0.5557,0.6129,0.5512,0.6283,0.5276,0.6597,0.5653,0.6487,0.5522,0.6536,0.576,0.6014,0.553,0.7481,0.7107,0.7465,0.6178,0.7563,0.6818,0.7057,0.5974,0.5356,0.696,0.6962,0.7766,0.594,0.6292
1qkh_A_9-76,D1000,1267,68,13267,3666.7,-0.5578,-0.5885,0.1392,0.1383,0.2657,0.2631,0.2692,0.2651,0.3047,0.2938,0.3084,0.2931,0.3074,0.3026,0.3073,0.2939,0.3284,0.3258,0.2984,0.2819,0.548,0.526,0.5448,0.5129,0.5563,0.5135,0.5586,0.5092,0.5907,0.5634,0.5748,0.5326,0.5967,0.5761,0.5859,0.5741,0.6165,0.5382,0.7415,0.6592,0.6225,0.5286,0.6282,0.5294,0.4391,0.575,0.6078,0.6803,0.3442,0.4967
2jy8_A_5-49,D100,843,45,635,124.6,-0.5641,-0.5753,0.5097,0.541,0.5933,0.612,0.6183,0.6314,0.6616,0.663,0.6704,0.6653,0.6113,0.6352,0.6138,0.6316,0.5355,0.5506,0.5622,0.5981,0.7299,0.7202,0.7396,0.7396,0.7254,0.7118,0.7322,0.7181,0.7569,0.7376,0.7551,0.7397,0.7188,0.6949,0.7007,0.704,0.76,0.7455,0.6963,0.6517,0.7672,0.7546,0.6693,0.5961,0.6714,0.7099,0.7864,0.7637,0.6688,0.6729
2m0y_A_4-69,D10000,1217,66,122218,12593.3,-0.4918,-0.5346,0.479,0.4842,0.5083,0.5083,0.524,0.5172,0.5741,0.5437,0.5,0.4779,0.4629,0.4886,0.4648,0.4721,0.5411,0.5393,0.5155,0.5109,0.602,0.6019,0.6121,0.6188,0.6197,0.6013,0.5943,0.56,0.6267,0.6439,0.6013,0.606,0.6551,0.654,0.6532,0.6479,0.586,0.5471,0.626,0.5945,0.6193,0.5782,0.6102,0.5492,0.453,0.5286,0.5345,0.5225,0.4861,0.5306
2l6q_A_2-56,D100,1040,55,330,223.2,-0.5172,-0.4723,0.6178,0.565,0.6191,0.5846,0.6258,0.5919,0.6819,0.6465,0.6555,0.6309,0.5401,0.5464,0.5584,0.5437,0.4911,0.5334,0.5947,0.6178,0.7082,0.6111,0.712,0.6169,0.725,0.6544,0.7116,0.6235,0.6886,0.6018,0.6929,0.592,0.6733,0.6094,0.7062,0.6322,0.7495,0.6834,0.7559,0.661,0.7357,0.6073,0.7334,0.6396,0.5706,0.7239,0.6729,0.7753,0.6189,0.7128
2m8j_A_1-43,D1000,779,43,70449,4933.0,-0.5982,-0.6251,0.6117,0.5883,0.6384,0.5907,0.7033,0.6293,0.7197,0.6746,0.6661,0.6655,0.5912,0.4888,0.5715,0.4707,0.698,0.656,0.6872,0.6468,0.7406,0.6963,0.787,0.7357,0.7754,0.7225,0.7646,0.7017,0.7853,0.7397,0.77,0.7173,0.7895,0.7551,0.7892,0.7509,0.7001,0.5689,0.7119,0.6533,0.7124,0.5857,0.5441,0.4227,0.5823,0.696,0.5203,0.622,0.5339,0.5768
2k1b_A_4-52,D1000,931,49,12907,3715.7,-0.4583,-0.4887,0.532,0.5261,0.5918,0.5726,0.6161,0.5948,0.6135,0.5935,0.5391,0.5296,0.4873,0.5181,0.5157,0.5327,0.6054,0.6217,0.5795,0.5964,0.6604,0.6419,0.6691,0.6522,0.655,0.6442,0.6086,0.5917,0.6653,0.6566,0.6523,0.6435,0.6812,0.6738,0.678,0.6624,0.5987,0.5771,0.6022,0.609,0.6427,0.5822,0.5833,0.5671,0.5424,0.6164,0.6136,0.6319,0.498,0.5381
2k28_A_7-56,D1000,918,50,12314,3284.8,-0.5097,-0.5154,0.5613,0.5648,0.5998,0.5965,0.6339,0.6204,0.6558,0.6349,0.5861,0.5735,0.4783,0.4882,0.514,0.5184,0.5946,0.6247,0.5511,0.5827,0.6895,0.6662,0.6953,0.6702,0.6969,0.6785,0.6545,0.6235,0.673,0.6519,0.6641,0.647,0.6794,0.6713,0.6815,0.6618,0.6379,0.5935,0.6129,0.6543,0.6718,0.6042,0.5461,0.52,0.4859,0.5964,0.5605,0.6199,0.4505,0.5259
2k52_A_2-72_F22S,D10000,1338,71,96482,29892.0,-0.4655,-0.4985,0.2527,0.2827,0.4208,0.4097,0.4316,0.4226,0.4884,0.4529,0.3129,0.3402,0.3844,0.3724,0.3936,0.4025,0.439,0.4195,0.4196,0.3926,0.5338,0.5384,0.5462,0.5489,0.5428,0.5216,0.4762,0.4976,0.5537,0.54,0.5521,0.5487,0.5574,0.5431,0.5664,0.5417,0.634,0.6314,0.6423,0.6122,0.5927,0.5867,0.6531,0.64,0.6281,0.6508,0.677,0.606,0.5716,0.6001
5gu9_A_80-149_V139D,D10000,1202,70,125732,34524.7,-0.4139,-0.4137,0.2592,0.3238,0.3778,0.4156,0.3862,0.419,0.3722,0.4092,0.3305,0.3767,0.3408,0.3648,0.3456,0.3679,0.4062,0.414,0.37,0.3838,0.5471,0.5462,0.5436,0.5474,0.5116,0.527,0.4887,0.512,0.4751,0.5045,0.4709,0.4917,0.5397,0.5504,0.5125,0.5201,0.6172,0.6198,0.6236,0.6292,0.589,0.5928,0.5714,0.5401,0.635,0.6306,0.5564,0.5683,0.5851,0.6064
2mky_A_19-73,D100,1009,55,347,145.4,-0.5232,-0.5371,0.4342,0.4149,0.3629,0.3522,0.362,0.3473,0.3856,0.3743,0.3895,0.369,0.3308,0.3203,0.3411,0.3323,0.2682,0.2412,0.3518,0.3591,0.5816,0.5433,0.577,0.5327,0.5637,0.5282,0.577,0.5403,0.5818,0.5335,0.5803,0.5316,0.5852,0.554,0.5647,0.5386,0.6887,0.6798,0.6797,0.6183,0.6065,0.4957,0.6627,0.5779,0.5827,0.6616,0.751,0.7455,0.6239,0.6694
2o2w_A_818-884,D10000,1209,67,136722,14584.5,-0.5279,-0.5732,0.5105,0.4936,0.5682,0.5451,0.576,0.5574,0.6235,0.5733,0.5636,0.553,0.5426,0.4889,0.5014,0.4362,0.6231,0.6295,0.6072,0.6138,0.6862,0.6525,0.672,0.6445,0.7139,0.667,0.6995,0.6575,0.7164,0.6811,0.6753,0.6188,0.7126,0.6853,0.7164,0.6897,0.5887,0.5506,0.6416,0.6548,0.5515,0.5645,0.5455,0.5099,0.4232,0.4871,0.5329,0.5279,0.4592,0.4638
2mi6_A_8-62,D1000,1019,55,13213,2720.8,-0.541,-0.5301,0.364,0.4023,0.4641,0.4596,0.4898,0.4806,0.5574,0.5393,0.5535,0.5215,0.5373,0.5035,0.5319,0.4945,0.4916,0.4856,0.4947,0.5019,0.7095,0.6487,0.7309,0.6668,0.7359,0.6576,0.7258,0.6258,0.751,0.6603,0.7544,0.6675,0.7125,0.6453,0.7193,0.6542,0.7521,0.6648,0.7435,0.6573,0.7776,0.6993,0.7248,0.6235,0.6836,0.7161,0.776,0.803,0.6568,0.7122
2k5p_A_1-64,D1000,1211,64,1686,1379.7,-0.4495,-0.4839,0.4793,0.5196,0.5495,0.557,0.5514,0.5614,0.5744,0.59,0.5392,0.5547,0.5437,0.551,0.5278,0.5385,0.5804,0.5878,0.5957,0.6094,0.6341,0.6447,0.6362,0.6481,0.6274,0.6496,0.5947,0.5971,0.6299,0.6403,0.6202,0.6333,0.6511,0.6526,0.6633,0.665,0.7284,0.731,0.6276,0.5924,0.6523,0.631,0.6522,0.6132,0.6983,0.6717,0.7434,0.7056,0.6911,0.6938
3v1a_A_1-44,D100,830,44,770,121.7,-0.4624,-0.4019,0.3235,0.2931,0.3553,0.3574,0.3518,0.3384,0.3275,0.3161,0.3076,0.269,0.3143,0.2714,0.3255,0.2816,0.2073,0.1881,0.3464,0.3445,0.528,0.4435,0.5299,0.4593,0.5223,0.4316,0.519,0.4188,0.5336,0.4476,0.5363,0.4482,0.5135,0.454,0.5346,0.4743,0.7883,0.7214,0.7043,0.5734,0.6553,0.6207,0.7318,0.6281,0.6206,0.7238,0.7314,0.7833,0.7721,0.8409
2mkx_A_4-50_L14A,D10000,885,47,110036,69250.1,-0.6174,-0.613,0.6255,0.6233,0.7275,0.7063,0.7296,0.7102,0.7885,0.7701,0.7438,0.7289,0.621,0.6169,0.6028,0.6273,0.728,0.7112,0.6814,0.6524,0.8121,0.8148,0.8123,0.8165,0.789,0.8222,0.7385,0.7366,0.7885,0.8006,0.7774,0.7972,0.824,0.8275,0.8209,0.8107,0.6816,0.6698,0.7036,0.665,0.6897,0.6849,0.6455,0.594,0.607,0.6613,0.6918,0.7069,0.6246,0.6402
1ubq_A_1-72_L67S,D10000,1352,72,43916,10181.0,-0.5596,-0.5247,0.4772,0.5059,0.6453,0.6072,0.7109,0.6646,0.7259,0.6421,0.4219,0.3116,0.462,0.4577,0.6013,0.6226,0.604,0.5914,0.5197,0.4916,0.7606,0.6524,0.7875,0.6923,0.7865,0.6721,0.5378,0.4446,0.7197,0.5997,0.7624,0.663,0.7637,0.6679,0.7416,0.6298,0.7617,0.6789,0.7942,0.6605,0.7752,0.672,0.7599,0.6541,0.6162,0.7532,0.7107,0.7975,0.6371,0.7472
2ru9_A_2-69,D100,1123,68,355,201.3,-0.4618,-0.4496,0.2116,0.2098,0.2966,0.2717,0.3022,0.2742,0.3023,0.2935,0.301,0.276,0.3201,0.2693,0.3153,0.2679,0.2991,0.2572,0.2909,0.2784,0.5341,0.4605,0.5325,0.4557,0.4995,0.4427,0.51,0.4495,0.5563,0.4613,0.5471,0.4473,0.5454,0.4991,0.5121,0.4648,0.7353,0.6435,0.6988,0.6079,0.6866,0.571,0.6899,0.5953,0.5949,0.7096,0.6483,0.7208,0.5918,0.6899
2l9r_A_8-68,D1000,1157,61,76437,4977.3,-0.5776,-0.5711,0.5368,0.5237,0.608,0.6012,0.6338,0.6137,0.6516,0.6131,0.5596,0.5372,0.5903,0.5724,0.5954,0.5675,0.5905,0.6068,0.5745,0.596,0.7027,0.6539,0.7116,0.6596,0.723,0.6573,0.6835,0.6178,0.7253,0.6636,0.7216,0.6613,0.7075,0.661,0.7012,0.6521,0.7069,0.657,0.6228,0.4746,0.6786,0.5684,0.7081,0.6291,0.4883,0.6365,0.577,0.6677,0.626,0.7061
1tuc_A_101-16,D10000,1045,59,120539,11934.4,-0.4439,-0.4423,0.3024,0.2954,0.3274,0.3173,0.3557,0.3397,0.3581,0.2997,0.3081,0.2844,0.381,0.3444,0.3358,0.305,0.431,0.3941,0.4318,0.4021,0.4174,0.4738,0.4486,0.4849,0.4134,0.3963,0.425,0.3711,0.555,0.5077,0.5018,0.4686,0.5507,0.5211,0.5548,0.5289,0.6325,0.5748,0.5578,0.4669,0.6009,0.5271,0.5919,0.5307,0.5259,0.6146,0.6069,0.6709,0.5804,0.6053
5ubs_A_1-56,D10,1024,56,150,27.0,-0.4786,-0.4683,0.3505,0.2853,0.3157,0.3156,0.3093,0.2934,0.397,0.3048,0.4155,0.3472,0.2518,0.3243,0.2626,0.3034,0.1059,0.1403,0.2516,0.2509,0.5501,0.5125,0.5243,0.4744,0.5014,0.4041,0.5203,0.4471,0.5024,0.4722,0.5059,0.4708,0.4735,0.4841,0.4647,0.3904,0.5684,0.5566,0.5917,0.5383,0.6536,0.576,0.608,0.5525,0.5343,0.6024,0.5034,0.5588,0.531,0.599
2zw1_A_0-56_V54S,D10,1071,57,150,30.3,-0.4949,-0.4857,0.499,0.4767,0.5311,0.5669,0.5135,0.5281,0.5826,0.575,0.5744,0.5605,0.4741,0.5496,0.4748,0.5429,0.3918,0.3966,0.5366,0.5425,0.6471,0.6232,0.6426,0.6059,0.6458,0.6098,0.6424,0.6178,0.6321,0.6082,0.6327,0.6047,0.5907,0.5883,0.6374,0.6042,0.6289,0.6268,0.6032,0.5838,0.7222,0.6883,0.6395,0.6045,0.5972,0.636,0.6003,0.6539,0.6022,0.6566
1gb4_A_1-57_F53D,D10,1040,57,150,30.5,-0.298,-0.3526,0.1275,0.1736,0.1151,0.1585,0.1462,0.1655,0.1555,0.159,0.1618,0.1928,0.1199,0.187,0.1288,0.1776,0.0718,0.0615,0.0627,0.1048,0.2936,0.3006,0.3073,0.309,0.2755,0.2741,0.2609,0.3246,0.2997,0.3126,0.3029,0.3156,0.2928,0.3261,0.2279,0.2052,0.5284,0.5466,0.5097,0.5019,0.5938,0.5738,0.5545,0.5491,0.5337,0.5372,0.5513,0.5068,0.6196,0.6178
2jws_A_7-54,D10,902,48,320,72.9,-0.5271,-0.4878,0.3822,0.4582,0.252,0.2791,0.4228,0.413,0.2918,0.2855,0.3063,0.2952,0.299,0.3387,0.3404,0.3753,0.1848,0.1076,0.5112,0.5361,0.5394,0.4453,0.6198,0.5235,0.524,0.4568,0.5646,0.5031,0.5792,0.4634,0.5961,0.4855,0.5624,0.4667,0.6163,0.5884,0.7563,0.7424,0.6205,0.5316,0.7218,0.6542,0.7073,0.6561,0.6161,0.6839,0.7255,0.7523,0.694,0.7175
2kwh_A_393-444,D10,969,52,535,90.9,-0.4778,-0.4084,0.0907,0.1085,0.2083,0.1845,0.2131,0.1884,0.2493,0.2397,0.2658,0.2198,0.2584,0.2119,0.2474,0.1962,0.3104,0.2897,0.1999,0.1753,0.4546,0.415,0.4281,0.3925,0.4561,0.4091,0.474,0.3998,0.489,0.4324,0.4713,0.4232,0.5577,0.4702,0.4023,0.3908,0.744,0.7316,0.6528,0.4622,0.6854,0.5793,0.7074,0.6797,0.4492,0.5998,0.6138,0.6849,0.6553,0.7531
2krs_A_1-63_W42A,D10000,1189,63,37246,23842.9,-0.5136,-0.5296,0.2266,0.32,0.45,0.4392,0.4506,0.4433,0.5088,0.4918,0.4181,0.4186,0.4627,0.4481,0.4059,0.4025,0.4977,0.484,0.5028,0.478,0.6101,0.5854,0.6078,0.5859,0.6096,0.5888,0.5697,0.541,0.6475,0.6159,0.6131,0.5735,0.645,0.617,0.6585,0.6243,0.649,0.5532,0.7218,0.6577,0.7081,0.6546,0.6445,0.5557,0.5429,0.6493,0.6944,0.7205,0.5362,0.5983
2kt8_A_1-67_G54S,D10000,1241,67,36205,23506.0,-0.5477,-0.5483,0.3818,0.4253,0.4594,0.4213,0.4678,0.4357,0.5555,0.499,0.5651,0.5362,0.4692,0.3909,0.381,0.3197,0.5338,0.5101,0.5336,0.4936,0.632,0.5919,0.6322,0.595,0.6472,0.6045,0.6571,0.6,0.6995,0.6415,0.6423,0.5919,0.6765,0.6276,0.6946,0.6367,0.7146,0.647,0.7512,0.6941,0.7029,0.6463,0.7101,0.6473,0.5256,0.6659,0.6467,0.6648,0.5677,0.6374
2l09_A_2-53,D1000,908,52,2810,1119.1,-0.5111,-0.5187,0.3844,0.3639,0.5135,0.4929,0.5227,0.5033,0.5088,0.478,0.4538,0.4219,0.4554,0.433,0.4688,0.4365,0.4737,0.4542,0.4786,0.4843,0.6688,0.6157,0.6749,0.6253,0.6553,0.6001,0.6505,0.6041,0.6626,0.6264,0.6585,0.6067,0.652,0.6139,0.6562,0.6359,0.604,0.6058,0.6307,0.5443,0.6423,0.5871,0.5815,0.5579,0.5749,0.6141,0.5628,0.6482,0.625,0.6165
2kru_A_3-54,D1000,890,52,3501,1377.6,-0.5243,-0.5197,0.3962,0.4125,0.367,0.3208,0.3907,0.3463,0.4197,0.3655,0.408,0.3448,0.3116,0.2628,0.3274,0.2859,0.3469,0.2928,0.3273,0.288,0.6062,0.5371,0.623,0.5608,0.6151,0.5364,0.6329,0.5743,0.6025,0.5471,0.5981,0.5431,0.6243,0.5479,0.5978,0.5362,0.6574,0.6413,0.5492,0.4943,0.6638,0.5877,0.5467,0.5055,0.5037,0.5395,0.6052,0.6298,0.5583,0.5617
2m2l_A_12-63,D1000,890,52,16954,4381.9,-0.3832,-0.3981,0.3709,0.3027,0.5216,0.4922,0.5375,0.5036,0.5252,0.4841,0.4116,0.3877,0.4618,0.4442,0.4464,0.438,0.5435,0.5151,0.5323,0.5129,0.5663,0.542,0.5837,0.5506,0.5679,0.5322,0.4913,0.4334,0.5908,0.5503,0.5763,0.5394,0.5996,0.5628,0.5945,0.5606,0.5196,0.4729,0.5574,0.5282,0.5762,0.535,0.5001,0.441,0.383,0.5198,0.485,0.5486,0.3869,0.4566
2l8d_A_3-62,D100,1137,60,646,137.3,-0.5161,-0.5023,0.3598,0.3978,0.4032,0.4501,0.4328,0.4576,0.4076,0.4393,0.3939,0.4098,0.4339,0.4283,0.4225,0.4174,0.4345,0.4494,0.4354,0.477,0.6029,0.5683,0.613,0.5739,0.5697,0.552,0.5795,0.5395,0.6349,0.5707,0.6195,0.5493,0.6314,0.5819,0.6044,0.581,0.7454,0.6677,0.6877,0.5954,0.693,0.5114,0.6919,0.5727,0.4253,0.5944,0.5481,0.6168,0.5394,0.6433
2jz2_A_1-56,D10,1026,56,446,53.0,-0.5568,-0.5536,0.158,0.1045,0.3272,0.2843,0.3854,0.3491,0.28,0.2211,0.2549,0.2011,0.3706,0.346,0.3763,0.3531,0.2846,0.1908,0.3565,0.3316,0.6273,0.5696,0.6462,0.5821,0.5758,0.5202,0.5658,0.5122,0.634,0.5812,0.6382,0.581,0.585,0.5565,0.6216,0.5754,0.6618,0.6216,0.6939,0.6156,0.7248,0.6568,0.7184,0.6542,0.5572,0.6209,0.7227,0.758,0.6179,0.6571
1wcl_A_351-419,D1000,1307,69,5358,2006.9,-0.5511,-0.5587,0.4276,0.3831,0.5,0.4751,0.5208,0.4896,0.5475,0.5037,0.5699,0.5164,0.5271,0.4937,0.5157,0.4764,0.4756,0.4792,0.4155,0.4228,0.6772,0.6122,0.6924,0.6214,0.6896,0.609,0.7093,0.634,0.7291,0.6466,0.7045,0.6187,0.7059,0.6413,0.6589,0.5995,0.7558,0.7148,0.7239,0.6469,0.7405,0.6573,0.7635,0.703,0.6859,0.7206,0.7846,0.7745,0.7205,0.7761
2mlb_A_2-73_L44D,D1000,1319,72,39771,8728.4,-0.3983,-0.335,0.1619,0.1221,0.4865,0.4673,0.5665,0.5202,0.578,0.4984,0.4526,0.4669,0.5171,0.4574,0.5198,0.4621,0.5903,0.5529,0.5796,0.5378,0.58,0.4948,0.6272,0.5304,0.6223,0.5052,0.5128,0.3805,0.5964,0.4992,0.604,0.5061,0.6405,0.5461,0.6352,0.5386,0.6953,0.6303,0.6354,0.4463,0.6477,0.534,0.6522,0.5492,0.5518,0.6861,0.5768,0.6625,0.6396,0.7126
2m2j_A_21-91,D100,1347,71,797,189.1,-0.4408,-0.4913,0.3732,0.4263,0.4028,0.4175,0.397,0.4106,0.4137,0.4365,0.3978,0.4205,0.3619,0.3765,0.3872,0.4012,0.2179,0.2128,0.339,0.3576,0.5339,0.5555,0.5299,0.5453,0.533,0.554,0.5392,0.555,0.533,0.5373,0.54,0.5439,0.4728,0.4984,0.5009,0.5182,0.6616,0.6596,0.6757,0.6741,0.6748,0.6616,0.6845,0.6798,0.6668,0.6549,0.6744,0.6335,0.6492,0.6621
2kvv_A_8-68_K50S,D10,1017,61,196,94.9,-0.3264,-0.2663,0.4325,0.3462,0.441,0.4233,0.4345,0.4157,0.455,0.4111,0.4455,0.4015,0.3957,0.3922,0.4165,0.4085,0.3132,0.288,0.3608,0.3567,0.5015,0.4506,0.5012,0.4464,0.5078,0.4355,0.5026,0.4101,0.4805,0.4231,0.4937,0.4382,0.4372,0.3618,0.4456,0.3788,0.5997,0.5162,0.5327,0.4481,0.3322,0.3259,0.4022,0.3409,0.4369,0.5808,0.5126,0.6032,0.4051,0.4205
2kvt_A_8-59,D10,924,52,136,43.1,-0.501,-0.5213,0.3766,0.3766,0.3462,0.3408,0.3525,0.3616,0.3635,0.3743,0.3747,0.3796,0.3335,0.3177,0.3379,0.3316,0.2515,0.2224,0.318,0.349,0.5818,0.5779,0.5812,0.5724,0.5509,0.5465,0.56,0.5539,0.5761,0.5707,0.5787,0.5732,0.5397,0.5502,0.5498,0.5403,0.6004,0.5884,0.5565,0.5222,0.5415,0.4817,0.5325,0.4785,0.4734,0.5502,0.5066,0.5753,0.3747,0.3616
4g3o_A_452-498,D100,806,47,848,191.5,-0.465,-0.435,0.423,0.4357,0.5183,0.5184,0.5366,0.5353,0.5077,0.5102,0.4537,0.464,0.5321,0.531,0.5326,0.5314,0.4621,0.4564,0.4876,0.5146,0.6281,0.62,0.635,0.6261,0.6273,0.6041,0.6037,0.5621,0.6431,0.611,0.6394,0.6117,0.6266,0.5841,0.61,0.6034,0.6384,0.6295,0.629,0.6001,0.6208,0.6351,0.5104,0.4655,0.6489,0.6154,0.5452,0.6045,0.5398,0.5102
1tg0_A_3-66,D10000,1080,64,114777,10990.2,-0.465,-0.4915,0.3913,0.3535,0.4445,0.4178,0.457,0.431,0.434,0.3719,0.3569,0.3246,0.464,0.4391,0.4131,0.3723,0.5208,0.5067,0.4871,0.4809,0.5215,0.4901,0.5285,0.5057,0.4971,0.4449,0.508,0.4545,0.576,0.55,0.5179,0.4774,0.5902,0.579,0.5856,0.5672,0.5558,0.519,0.5922,0.5615,0.5211,0.5191,0.5431,0.4932,0.3769,0.4409,0.4585,0.5376,0.4456,0.4826
2n7y_A_5-76,D10000,1354,72,81956,45925.3,-0.4688,-0.4659,0.4841,0.4241,0.5383,0.5185,0.5319,0.5111,0.562,0.5348,0.5718,0.5434,0.4968,0.5033,0.474,0.4701,0.5487,0.5266,0.5277,0.5097,0.6293,0.5944,0.6209,0.5823,0.6236,0.603,0.653,0.6008,0.6453,0.6186,0.6098,0.5782,0.6565,0.6099,0.6552,0.6088,0.6689,0.6308,0.7189,0.7043,0.6922,0.6626,0.6723,0.6101,0.6887,0.6871,0.704,0.7193,0.6552,0.6722
1k1v_A_24-64,D100,759,41,1989,147.3,-0.4895,-0.4599,-0.0719,-0.1111,0.1732,0.1052,0.266,0.201,0.1853,0.146,0.2496,0.1941,0.3155,0.2071,0.3142,0.2062,0.3151,0.2646,0.1764,0.0892,0.4728,0.4082,0.5073,0.4395,0.4584,0.3812,0.4918,0.3931,0.5493,0.4763,0.5472,0.4763,0.5775,0.4905,0.459,0.3982,0.6379,0.5985,0.5182,0.3733,0.6476,0.5593,0.6093,0.5539,0.3586,0.5273,0.5414,0.6086,0.5299,0.5822
1f0m_A_10-75,D1000,1228,66,22871,1917.5,-0.639,-0.6518,0.626,0.5453,0.6579,0.619,0.686,0.6299,0.7402,0.6637,0.6917,0.6152,0.5954,0.5333,0.6331,0.5703,0.5602,0.5449,0.5529,0.5444,0.8068,0.7404,0.8152,0.7431,0.8307,0.7402,0.8168,0.7138,0.8016,0.7361,0.8066,0.7358,0.7724,0.7215,0.7654,0.7079,0.7447,0.6991,0.7876,0.661,0.8,0.6623,0.7529,0.6331,0.5902,0.7724,0.7138,0.7988,0.6618,0.7429
1lp1_A_4-58,D10,1038,55,1927,51.6,-0.5326,-0.5391,0.2681,0.2373,0.4015,0.4291,0.3939,0.4369,0.4886,0.4916,0.4893,0.4874,0.3628,0.4166,0.3648,0.4171,0.3746,0.3889,0.4828,0.534,0.6164,0.6032,0.6107,0.5823,0.6321,0.6214,0.6303,0.6164,0.6194,0.5902,0.6096,0.5774,0.6299,0.605,0.6487,0.6261,0.6562,0.6462,0.6514,0.5659,0.659,0.6267,0.6244,0.5737,0.649,0.673,0.6139,0.6533,0.6644,0.6886
2b88_A_3-56,D10,1003,54,1922,63.4,-0.4781,-0.4716,0.2178,0.2081,0.3273,0.3907,0.3548,0.3884,0.4009,0.4143,0.4202,0.4191,0.3238,0.3913,0.3343,0.3788,0.281,0.2711,0.3728,0.4605,0.5226,0.4975,0.5446,0.4946,0.5523,0.5083,0.5661,0.5098,0.5509,0.491,0.5454,0.4856,0.5503,0.5108,0.5452,0.4992,0.6449,0.6062,0.6309,0.5228,0.6885,0.5863,0.6204,0.5074,0.6237,0.6643,0.5742,0.6691,0.6575,0.6953
2m5a_A_1-56,D10,1048,56,1979,68.6,-0.4065,-0.4088,0.1562,0.1658,0.2268,0.2346,0.2895,0.2449,0.2527,0.2399,0.2659,0.2511,0.2665,0.2591,0.2784,0.246,0.1775,0.1837,0.3122,0.2587,0.4485,0.4017,0.4839,0.3678,0.4567,0.3957,0.4621,0.3921,0.4793,0.3672,0.4849,0.3626,0.4333,0.4004,0.4812,0.3935,0.5675,0.4288,0.5755,0.4252,0.6682,0.5051,0.5045,0.3415,0.4617,0.569,0.5501,0.6865,0.4747,0.6141
2ldm_A_85-135,D100,968,51,5295,954.7,-0.4701,-0.4858,0.3396,0.3977,0.462,0.4626,0.5606,0.5738,0.4902,0.4815,0.4355,0.434,0.4974,0.497,0.5177,0.5234,0.5246,0.5136,0.5741,0.5755,0.5962,0.5745,0.6352,0.6465,0.5918,0.5672,0.5658,0.5433,0.5965,0.6017,0.6041,0.6199,0.6207,0.6115,0.6417,0.6396,0.6498,0.6656,0.6402,0.6238,0.6084,0.5682,0.6554,0.6661,0.5276,0.5775,0.5766,0.5779,0.5764,0.5789
2j6k_A_2-58_mut9,D10000,979,57,146150,15620.0,-0.4872,-0.5175,0.4163,0.4153,0.4788,0.485,0.5014,0.4921,0.581,0.5048,0.5689,0.4956,0.5664,0.4931,0.541,0.4812,0.5221,0.5116,0.5259,0.5132,0.5974,0.5995,0.6137,0.602,0.6506,0.589,0.6475,0.5622,0.6888,0.5995,0.6645,0.599,0.6497,0.62,0.6592,0.612,0.5977,0.5076,0.5938,0.5354,0.5886,0.5494,0.5869,0.5381,0.4942,0.5577,0.5969,0.7395,0.4732,0.5421
1tud_A_49-47,D10000,1053,60,97109,10404.8,-0.5114,-0.4888,0.3921,0.4031,0.5168,0.5053,0.5295,0.5156,0.5782,0.5563,0.558,0.5326,0.4495,0.4876,0.4589,0.4951,0.5513,0.5378,0.5334,0.5221,0.6579,0.653,0.6679,0.6534,0.6495,0.659,0.64,0.6204,0.6403,0.6678,0.6381,0.653,0.6726,0.6716,0.6746,0.6676,0.5744,0.4959,0.4975,0.4786,0.6194,0.5692,0.5541,0.5086,0.4768,0.5509,0.538,0.6003,0.4837,0.5219
1r69_A_1-61,D10000,1127,61,50566,30551.3,-0.5775,-0.5745,0.5766,0.5943,0.6848,0.6621,0.6838,0.6618,0.754,0.7045,0.7129,0.6903,0.559,0.5529,0.5998,0.6031,0.668,0.6656,0.6113,0.5839,0.7532,0.6997,0.7525,0.6975,0.7668,0.7207,0.7453,0.6892,0.7183,0.6751,0.7273,0.6769,0.7582,0.7039,0.749,0.6869,0.6899,0.6789,0.6664,0.6209,0.7271,0.6883,0.6682,0.6204,0.5176,0.6103,0.7619,0.7776,0.6542,0.6703
5jrt_A_876-934,D100,1116,59,2322,294.6,-0.6311,-0.6161,0.2494,0.2692,0.4768,0.5046,0.5601,0.5592,0.518,0.5224,0.5073,0.5008,0.5614,0.5626,0.5697,0.5653,0.4459,0.4665,0.4649,0.497,0.6903,0.6655,0.7066,0.6826,0.6931,0.6667,0.7106,0.6716,0.7304,0.6977,0.7209,0.6837,0.6896,0.6676,0.6641,0.6431,0.7635,0.724,0.7491,0.6425,0.7671,0.7014,0.7072,0.6499,0.5972,0.7115,0.6931,0.7503,0.6675,0.7244
2jn4_A_1-66,D100,1073,66,789,328.0,-0.2829,-0.2689,0.1518,0.1713,0.2056,0.208,0.1922,0.1994,0.2074,0.2155,0.1973,0.2109,0.2039,0.1956,0.1667,0.1637,0.2515,0.21,0.2692,0.2412,0.3542,0.3585,0.3395,0.346,0.3518,0.3477,0.3503,0.3458,0.3464,0.3435,0.3116,0.3119,0.3794,0.3716,0.3939,0.3908,0.5961,0.5847,0.4808,0.4777,0.4188,0.3674,0.4687,0.4444,0.4624,0.4509,0.5343,0.54,0.4852,0.4664
1w4g_A_126-169,D10000,668,44,39674,12284.8,-0.5273,-0.5644,0.3967,0.4022,0.4239,0.4029,0.4266,0.3894,0.4871,0.442,0.4047,0.3515,0.2316,0.1947,0.2909,0.2454,0.3835,0.3519,0.3096,0.2639,0.6682,0.6186,0.6666,0.6161,0.6646,0.6076,0.6062,0.5638,0.6337,0.5981,0.6559,0.6062,0.6751,0.6328,0.6474,0.6097,0.5007,0.5068,0.6311,0.604,0.5865,0.5988,0.5106,0.4698,0.3899,0.4182,0.5517,0.5452,0.393,0.3906
2wxc_A_127-170,D1000,786,44,34301,9705.2,-0.596,-0.54,0.448,0.4816,0.4282,0.4669,0.4657,0.5004,0.5442,0.5766,0.5782,0.5753,0.4863,0.4618,0.4538,0.4328,0.5062,0.5348,0.5259,0.5533,0.6341,0.6216,0.647,0.6321,0.6933,0.656,0.7203,0.6609,0.7196,0.6465,0.6849,0.6283,0.7037,0.6472,0.7154,0.649,0.7104,0.6681,0.6632,0.5549,0.6806,0.5925,0.6178,0.5182,0.5524,0.675,0.5997,0.6777,0.4959,0.5873
6acv_A_29-94,D100,1160,66,613,121.0,-0.5024,-0.4826,0.4638,0.4546,0.5031,0.4962,0.5222,0.5123,0.5467,0.5278,0.4911,0.4661,0.4647,0.4802,0.4744,0.4868,0.3709,0.3872,0.4726,0.5369,0.6894,0.6206,0.7016,0.6281,0.6926,0.6099,0.6709,0.5727,0.6738,0.6092,0.6768,0.6049,0.6299,0.5821,0.6639,0.6084,0.6272,0.5886,0.6368,0.5586,0.5099,0.479,0.551,0.5092,0.5308,0.6101,0.496,0.5713,0.41,0.4057
2k5h_A_35-96_G57A,D1000,1164,62,2408,1895.7,-0.4063,-0.4325,0.4451,0.4486,0.5293,0.5135,0.5231,0.5056,0.549,0.5392,0.4947,0.5171,0.4643,0.4596,0.4705,0.4595,0.504,0.5064,0.5102,0.5089,0.585,0.5897,0.5799,0.5833,0.5788,0.5848,0.522,0.5412,0.5903,0.5808,0.5776,0.5687,0.6061,0.5929,0.5929,0.5858,0.5682,0.5914,0.5761,0.6359,0.5425,0.5735,0.5641,0.5777,0.595,0.5827,0.6399,0.5778,0.5228,0.5285
1aoy_A_7-75,D100,1301,69,595,185.9,-0.5423,-0.5509,0.381,0.3885,0.4447,0.4185,0.4477,0.4223,0.477,0.4559,0.4727,0.4365,0.464,0.4069,0.452,0.3994,0.4505,0.4259,0.4469,0.4279,0.6685,0.5975,0.6635,0.5896,0.6584,0.6012,0.6626,0.5972,0.6921,0.6029,0.6815,0.5959,0.6733,0.6075,0.6434,0.6074,0.7433,0.6361,0.7255,0.5627,0.7768,0.6804,0.7077,0.6187,0.4819,0.6699,0.6574,0.7786,0.658,0.7707
1uzc_A_8-70,D1000,1171,63,12552,2009.3,-0.6173,-0.6241,0.6508,0.5711,0.5599,0.468,0.629,0.5364,0.646,0.5327,0.6039,0.517,0.4432,0.368,0.4903,0.3865,0.5328,0.5456,0.5303,0.547,0.753,0.6278,0.7695,0.6491,0.7675,0.6348,0.7616,0.6478,0.7305,0.6439,0.7297,0.6066,0.7524,0.6834,0.7357,0.6704,0.6514,0.5925,0.7082,0.6375,0.7652,0.6758,0.6514,0.5983,0.5048,0.659,0.5395,0.6741,0.3771,0.4681
2m8e_A_12-49,D10,646,38,490,88.0,-0.3661,-0.3415,0.3355,0.3368,0.3937,0.3687,0.3999,0.3791,0.439,0.4202,0.3363,0.3556,0.327,0.3148,0.3445,0.3317,0.2093,0.188,0.418,0.3873,0.5371,0.5051,0.5371,0.5118,0.5246,0.5111,0.4585,0.4366,0.5056,0.486,0.5201,0.4993,0.4349,0.3991,0.5223,0.4624,0.6876,0.6962,0.606,0.5857,0.5879,0.5188,0.5405,0.5083,0.6006,0.6198,0.6631,0.656,0.7474,0.7428