protein_id,subset,n_mutations,sequence_length,MSA_Ntot,MSA_Neff,pearson_RSA,spearman_RSA,pearson_CI,spearman_CI,pearson_LOR,spearman_LOR,pearson_WLOR,spearman_WLOR,pearson_GEMME_ind,spearman_GEMME_ind,pearson_GEMME_epi,spearman_GEMME_epi,pearson_EVCouplings_epi,spearman_EVCouplings_epi,pearson_EVCouplings_ind,spearman_EVCouplings_ind,pearson_ArDCA,spearman_ArDCA,pearson_pycofitness,spearman_pycofitness,pearson_RSA*LOR,spearman_RSA*LOR,pearson_RSA*WLOR,spearman_RSA*WLOR,pearson_RSA*GEMME_ind,spearman_RSA*GEMME_ind,pearson_RSA*GEMME_epi,spearman_RSA*GEMME_epi,pearson_RSA*EVCouplings_epi,spearman_RSA*EVCouplings_epi,pearson_RSA*EVCouplings_ind,spearman_RSA*EVCouplings_ind,pearson_RSA*ArDCA,spearman_RSA*ArDCA,pearson_RSA*pycofitness,spearman_RSA*pycofitness,pearson_PoPMuSiC,spearman_PoPMuSiC,pearson_PremPS,spearman_PremPS,pearson_DDMut,spearman_DDMut,pearson_MAESTRO,spearman_MAESTRO
1gyz_A_59-117,D1000,1121,59,12842,6207.4,-0.551253,-0.574604,0.196231,0.191375,0.291579,0.260606,0.314242,0.278636,0.342667,0.296374,0.377916,0.331089,0.412380,0.343568,0.386342,0.324869,0.354462,0.305495,0.390191,0.328296,0.553962,0.488932,0.571238,0.496590,0.590621,0.496746,0.627236,0.527436,0.648812,0.533352,0.623639,0.507695,0.617051,0.554503,0.635031,0.552914,0.688412,0.614954,0.693139,0.589345,0.747649,0.631017,0.658927,0.528606
1mhn_A_91-147,D1000,1076,57,9961,3153.9,-0.354864,-0.509143,0.124498,0.276125,0.200700,0.278401,0.207202,0.296874,0.205578,0.330798,0.233768,0.367916,0.227290,0.301949,0.156803,0.212077,0.315067,0.405121,0.288393,0.372678,0.321800,0.461698,0.313697,0.451104,0.301212,0.463273,0.335208,0.503574,0.353615,0.520487,0.296667,0.429933,0.390368,0.539086,0.383255,0.537059,0.381053,0.537009,0.440229,0.640657,0.356343,0.525804,0.402727,0.561542
2d1u_A_2-73,D1000,1241,72,10867,6950.0,-0.424066,-0.431407,0.528232,0.551131,0.477859,0.482835,0.478225,0.482422,0.532982,0.533485,0.566842,0.581646,0.390947,0.414361,0.380967,0.400534,0.487875,0.503112,0.411616,0.417577,0.546895,0.521151,0.547236,0.521062,0.556026,0.547419,0.575056,0.551506,0.536880,0.516492,0.514386,0.488618,0.562955,0.528884,0.563317,0.529209,0.607017,0.621110,0.561119,0.563651,0.513179,0.520353,0.531484,0.520841
7jjk_A_339-395,D1000,1017,57,33894,5615.2,-0.405902,-0.340337,0.291671,0.184247,0.363319,0.274247,0.369952,0.281805,0.343717,0.254793,0.288505,0.209908,0.293132,0.264881,0.298225,0.262143,0.327919,0.256203,0.309438,0.244918,0.547021,0.404343,0.571784,0.418681,0.543045,0.386289,0.498603,0.339907,0.538884,0.383634,0.561683,0.402380,0.531070,0.409064,0.496237,0.389933,0.603677,0.513208,0.547252,0.447760,0.523916,0.417107,0.545634,0.492266
1csq_A_1-67_F49A,D10000,1265,67,48956,13155.5,-0.522427,-0.565125,0.609402,0.624294,0.604036,0.615519,0.603816,0.614888,0.607162,0.618540,0.579573,0.614745,0.556410,0.586568,0.486902,0.521181,0.619913,0.638907,0.549098,0.559171,0.672265,0.684333,0.668511,0.683214,0.663909,0.697089,0.649572,0.709259,0.673752,0.701497,0.626279,0.659466,0.693275,0.702153,0.680125,0.690551,0.666803,0.689828,0.681186,0.736145,0.493855,0.491702,0.622567,0.643324
2lss_A_2-70_G7S,D10000,1224,69,49601,13779.9,-0.526526,-0.514032,0.538056,0.508927,0.534637,0.518771,0.556395,0.536499,0.576151,0.549862,0.538770,0.538219,0.513744,0.505542,0.473319,0.449538,0.568911,0.579153,0.492702,0.490451,0.655101,0.630307,0.665186,0.645199,0.658972,0.634957,0.643942,0.621384,0.688624,0.674671,0.648893,0.626341,0.695992,0.674061,0.690769,0.675251,0.618229,0.592162,0.647370,0.628646,0.494056,0.447132,0.555337,0.499321
1mjc_A_3-70_L45S,D10000,1290,68,49869,14766.3,-0.421920,-0.491774,0.497209,0.563070,0.588348,0.603627,0.601288,0.616938,0.582507,0.605301,0.465849,0.511840,0.520261,0.537959,0.530243,0.551280,0.586263,0.602649,0.479995,0.510492,0.643497,0.696173,0.644204,0.705284,0.619963,0.687263,0.512932,0.600971,0.620614,0.684572,0.617655,0.696826,0.659654,0.704414,0.606235,0.646642,0.588846,0.641161,0.655454,0.673238,0.455076,0.462844,0.588165,0.609939
2lxk_A_1-66_G4A,D10000,1248,66,49872,13550.2,-0.584121,-0.605812,0.621973,0.637976,0.602628,0.616085,0.603828,0.614328,0.620578,0.639076,0.587207,0.627377,0.507266,0.537707,0.485046,0.527595,0.599509,0.615070,0.462153,0.466511,0.706726,0.737769,0.703189,0.738479,0.689007,0.745546,0.669398,0.745233,0.691854,0.728307,0.665815,0.715764,0.719125,0.737487,0.675463,0.695094,0.648141,0.700771,0.658942,0.733110,0.525858,0.519881,0.662085,0.694374
2k5n_A_1-67,D10000,1223,67,45293,11768.7,-0.643280,-0.664905,0.423124,0.407126,0.468165,0.452258,0.509934,0.483722,0.559506,0.510820,0.592690,0.593302,0.501866,0.447650,0.497804,0.444275,0.586545,0.529632,0.424391,0.363673,0.611205,0.574289,0.638851,0.597633,0.663800,0.601590,0.751522,0.718705,0.701724,0.637458,0.669777,0.593607,0.722156,0.667436,0.688909,0.607961,0.652449,0.601829,0.679325,0.648991,0.680222,0.580345,0.677988,0.611089
2ma4_A_22-91,D100,1242,70,491,185.3,-0.503487,-0.485379,0.240350,0.193718,0.276946,0.260079,0.273502,0.258015,0.260268,0.227138,0.275093,0.241662,0.297654,0.311121,0.285481,0.286162,0.277421,0.280301,0.333148,0.366015,0.471168,0.431116,0.466065,0.425270,0.419430,0.359570,0.462122,0.398657,0.505714,0.463016,0.481934,0.436280,0.528949,0.490081,0.548534,0.511246,0.553027,0.502022,0.520269,0.431021,0.703673,0.617600,0.605284,0.529144
2ysc_A_8-39,D1000,547,32,19530,1193.0,-0.543345,-0.549680,0.438304,0.435194,0.472858,0.452887,0.493859,0.463240,0.545857,0.540349,0.555350,0.554619,0.490476,0.464590,0.456883,0.431660,0.586843,0.559911,0.562563,0.538488,0.620973,0.595701,0.622107,0.589579,0.634697,0.605711,0.645575,0.613961,0.648177,0.629862,0.627338,0.598144,0.684373,0.661859,0.686724,0.689848,0.662980,0.624287,0.586803,0.583432,0.524127,0.498569,0.540449,0.515589
2jvd_A_1-39,D100,709,39,1734,862.5,-0.458339,-0.440330,0.383272,0.312561,0.383014,0.329469,0.388225,0.330879,0.383964,0.361570,0.417886,0.377022,0.341818,0.298287,0.331694,0.296994,0.316564,0.256442,0.380061,0.303182,0.552621,0.467186,0.558146,0.468572,0.545939,0.469748,0.565353,0.482757,0.560867,0.494628,0.549937,0.485054,0.542193,0.489969,0.591505,0.510925,0.607369,0.607094,0.507100,0.458489,0.608045,0.532927,0.512452,0.521529
2ysb_A_7-49,D1000,681,43,64579,3603.9,-0.512987,-0.571057,0.581519,0.606622,0.531950,0.515744,0.558344,0.507694,0.616812,0.613255,0.591140,0.593481,0.467513,0.457381,0.420456,0.393874,0.610756,0.591651,0.527953,0.499157,0.630985,0.619228,0.649285,0.642355,0.637129,0.629129,0.662052,0.657087,0.673523,0.706551,0.631255,0.638622,0.703741,0.702784,0.665126,0.655974,0.584672,0.541178,0.522042,0.554072,0.442218,0.384262,0.312404,0.338784
2lt1_A_4-75,D1000,1364,72,4252,1509.0,-0.387033,-0.383494,0.241894,0.303068,0.299683,0.363731,0.309630,0.375021,0.369287,0.414376,0.393384,0.402331,0.352800,0.346319,0.340988,0.345995,0.364186,0.378032,0.302900,0.334944,0.396108,0.440431,0.407749,0.444029,0.433065,0.458094,0.467119,0.443290,0.476642,0.459749,0.460799,0.454651,0.465919,0.453451,0.438864,0.432926,0.594986,0.540736,0.550857,0.537110,0.526385,0.469136,0.617427,0.543132
1yg0_A_1-66,D10000,1243,66,80913,42642.3,-0.546793,-0.569153,0.250133,0.319210,0.254557,0.293576,0.256724,0.296635,0.309178,0.331624,0.297354,0.329014,0.298812,0.328504,0.259347,0.284172,0.303628,0.315621,0.290868,0.306532,0.458828,0.464322,0.463300,0.466757,0.471660,0.464243,0.545520,0.531014,0.519940,0.539579,0.461699,0.458121,0.541650,0.524677,0.534522,0.542862,0.714930,0.757200,0.648913,0.670625,0.678178,0.680786,0.649666,0.636964
1ify_A_161-204,D100,797,44,3413,567.3,-0.510030,-0.565270,0.407624,0.422992,0.534607,0.541756,0.571770,0.566709,0.621887,0.623428,0.593123,0.588196,0.500870,0.472516,0.509111,0.480276,0.483434,0.517562,0.462201,0.495988,0.673911,0.670603,0.692223,0.687042,0.710262,0.690926,0.698401,0.659622,0.685388,0.662790,0.695784,0.670356,0.642365,0.651510,0.643815,0.651910,0.684593,0.672167,0.762554,0.716389,0.742707,0.722650,0.674041,0.565627
1o6x_A_8-79,D100,1352,72,1571,599.4,-0.501028,-0.469569,0.295367,0.293233,0.458024,0.395876,0.468368,0.402715,0.491115,0.424776,0.470812,0.386043,0.439857,0.362879,0.450139,0.372002,0.391387,0.338470,0.359119,0.298442,0.646101,0.552796,0.645869,0.553502,0.645518,0.548524,0.623662,0.518183,0.643958,0.546872,0.634985,0.542840,0.624665,0.546526,0.610779,0.529101,0.768429,0.694833,0.741378,0.586482,0.743700,0.625851,0.737170,0.654461
2lqk_A_5-66,D10,1003,62,138,86.5,-0.297113,-0.300204,0.501995,0.481450,0.432876,0.428976,0.440208,0.437487,0.493142,0.476516,0.455710,0.432920,0.387142,0.392003,0.403596,0.411242,0.321622,0.327425,0.386135,0.394191,0.485451,0.470164,0.491467,0.479884,0.504001,0.494595,0.473763,0.449019,0.469066,0.448606,0.480891,0.462141,0.414219,0.398322,0.450245,0.425044,0.522747,0.548013,0.518198,0.531876,0.456168,0.441161,0.408461,0.352240
2n88_A_53-100,D1000,886,48,4384,1200.8,-0.526310,-0.547410,0.414575,0.357491,0.560826,0.524858,0.594858,0.547496,0.584164,0.540206,0.488035,0.454347,0.540610,0.504684,0.546193,0.500417,0.523711,0.516135,0.482437,0.461512,0.686190,0.648627,0.703629,0.653399,0.687893,0.629677,0.646751,0.580914,0.700967,0.640317,0.702681,0.635284,0.669463,0.646325,0.656498,0.624858,0.668738,0.637369,0.667310,0.630605,0.705238,0.659695,0.625188,0.573479
5vnt_A_21-82,D100,1143,62,11229,933.8,-0.410848,-0.467560,0.342550,0.371109,0.439805,0.456827,0.475751,0.477121,0.470053,0.496812,0.430026,0.459893,0.428943,0.434655,0.423702,0.429311,0.456742,0.461473,0.435523,0.414132,0.506099,0.548761,0.526767,0.566327,0.514448,0.552516,0.493627,0.524233,0.516314,0.551422,0.509121,0.546781,0.522294,0.548071,0.529923,0.543846,0.538285,0.576187,0.544502,0.551693,0.445296,0.503247,0.493954,0.498669
1yu5_X_12-76,D1000,1201,65,12791,1076.8,-0.541909,-0.562571,0.437583,0.461138,0.574534,0.615925,0.641988,0.665308,0.621498,0.640274,0.603859,0.619700,0.599832,0.613264,0.610541,0.620329,0.592907,0.623464,0.525671,0.549181,0.681450,0.698521,0.719667,0.726095,0.708159,0.710644,0.686930,0.669852,0.698778,0.700344,0.705208,0.708041,0.696266,0.701031,0.669734,0.668702,0.636310,0.622112,0.686747,0.679910,0.640338,0.637801,0.584574,0.555125
2l3x_A_2-67_mut1,D100,1247,66,12256,914.2,-0.617281,-0.608468,0.519307,0.552846,0.599767,0.649232,0.655290,0.653556,0.671273,0.669854,0.662723,0.635093,0.653762,0.655779,0.641905,0.623834,0.632333,0.690018,0.619517,0.658686,0.792145,0.750483,0.810375,0.749552,0.816784,0.752994,0.816499,0.736239,0.833849,0.768699,0.824119,0.747189,0.811171,0.772985,0.809566,0.762351,0.656459,0.564039,0.700116,0.591117,0.734093,0.610464,0.613325,0.547812
2kfv_A_24-92,D100,1232,69,390,103.5,-0.509995,-0.499462,0.405940,0.378169,0.409250,0.399134,0.427195,0.420737,0.417284,0.374181,0.392230,0.357965,0.382949,0.405352,0.402137,0.427234,0.275490,0.270950,0.336944,0.333575,0.632440,0.567586,0.645320,0.578442,0.622461,0.551527,0.617738,0.541721,0.628280,0.567331,0.634588,0.577501,0.575272,0.532398,0.597356,0.553549,0.635968,0.592146,0.656822,0.509892,0.640638,0.560773,0.616906,0.519317
2hbb_con_af,D1000,856,46,18954,5289.1,-0.575771,-0.610331,0.371374,0.309817,0.454943,0.390412,0.452490,0.383345,0.490271,0.409001,0.462119,0.364345,0.403128,0.306835,0.422915,0.326102,0.444545,0.396612,0.341190,0.239141,0.673447,0.610520,0.672601,0.609938,0.685997,0.599527,0.675310,0.587353,0.682611,0.596232,0.688268,0.604224,0.676671,0.633694,0.655556,0.571398,0.698022,0.655494,0.685724,0.638347,0.690606,0.645857,0.592328,0.524220
2hbb_A_1-48,D1000,792,48,18547,5732.1,-0.508294,-0.535527,0.188264,0.172604,0.313632,0.324745,0.325814,0.332699,0.324575,0.339045,0.289249,0.304628,0.274651,0.281276,0.280254,0.291778,0.361864,0.335633,0.272015,0.246561,0.506986,0.509351,0.515508,0.523347,0.482750,0.481717,0.481717,0.469337,0.514677,0.521939,0.508568,0.516229,0.562801,0.555067,0.516317,0.518569,0.606565,0.607749,0.641082,0.616511,0.609694,0.636101,0.611506,0.567947
3l1x_A_1227-1295,D1000,1114,69,5847,1549.5,-0.593211,-0.606755,0.528262,0.499475,0.540717,0.524499,0.549667,0.526333,0.610203,0.585721,0.598283,0.569307,0.495394,0.482720,0.491225,0.482200,0.494837,0.481355,0.504243,0.489268,0.686672,0.708191,0.682258,0.704792,0.696505,0.721206,0.699066,0.740724,0.705565,0.744334,0.671135,0.702450,0.719345,0.739838,0.733136,0.752474,0.552584,0.563265,0.648277,0.697574,0.610716,0.622334,0.430216,0.398777
2jro_A_1-64,D10,1203,64,161,54.7,-0.613662,-0.616915,0.355645,0.348961,0.406602,0.392753,0.422758,0.409198,0.396823,0.375799,0.403449,0.384627,0.436121,0.448629,0.435594,0.442635,0.354038,0.323502,0.390580,0.390618,0.660356,0.602968,0.669923,0.605168,0.624993,0.560527,0.653219,0.588204,0.705492,0.625958,0.694735,0.610290,0.677863,0.629726,0.682725,0.636740,0.727735,0.653167,0.716356,0.594611,0.711615,0.595746,0.661275,0.522809
4hck_A_80-138,D10000,1036,59,146517,17555.3,-0.551526,-0.543031,0.445868,0.415222,0.540695,0.539303,0.551860,0.537023,0.608609,0.570667,0.573017,0.523779,0.503096,0.492047,0.468071,0.467157,0.596851,0.584705,0.518667,0.488834,0.648033,0.665661,0.663346,0.674817,0.666191,0.658230,0.666107,0.632705,0.715202,0.697621,0.697423,0.686063,0.705315,0.689785,0.699031,0.675802,0.614035,0.584362,0.711039,0.692504,0.634888,0.586495,0.622879,0.559757
2kgt_A_9-71,D10000,1126,63,119320,13175.7,-0.470193,-0.499060,0.418892,0.430357,0.403092,0.382231,0.428279,0.401988,0.483450,0.462350,0.500291,0.502169,0.397003,0.413447,0.340765,0.328457,0.505501,0.486484,0.381279,0.365976,0.497569,0.501368,0.515581,0.512816,0.519723,0.523563,0.570605,0.576718,0.569326,0.592393,0.499283,0.494471,0.597991,0.599574,0.564492,0.556278,0.624158,0.586754,0.665843,0.641083,0.556108,0.521990,0.584217,0.540428
1y0m_A_793-850,D10000,1097,58,140822,15319.2,-0.550357,-0.589677,0.458714,0.511179,0.510660,0.502601,0.512265,0.493668,0.557866,0.541688,0.646062,0.662007,0.565139,0.572112,0.429568,0.427107,0.580685,0.571439,0.637296,0.626443,0.610575,0.619433,0.609780,0.620967,0.599772,0.624186,0.674330,0.708359,0.695147,0.738648,0.594020,0.616983,0.659717,0.662376,0.733140,0.746520,0.559478,0.555770,0.658022,0.678909,0.542578,0.570102,0.549701,0.543452
2kr3_A_5-69,D10000,1094,65,119559,11389.8,-0.388422,-0.401883,0.489177,0.481202,0.508493,0.463371,0.532286,0.484704,0.566114,0.525825,0.493267,0.479909,0.494842,0.502306,0.462518,0.436420,0.568018,0.546983,0.457903,0.466722,0.576495,0.552808,0.598769,0.568905,0.590238,0.557851,0.571340,0.519443,0.640017,0.618827,0.601521,0.561887,0.639858,0.604908,0.596647,0.580336,0.467378,0.424737,0.570194,0.566759,0.550826,0.567611,0.458091,0.422688
2j6k_con_af,D10000,1025,54,159090,17972.4,-0.576224,-0.599509,0.465915,0.503182,0.525579,0.541507,0.517826,0.525798,0.572170,0.575644,0.533228,0.535295,0.473915,0.488576,0.419574,0.454957,0.542330,0.564882,0.537226,0.540500,0.657079,0.673865,0.655829,0.666609,0.645302,0.672952,0.634130,0.658919,0.649830,0.667301,0.624938,0.645570,0.675366,0.675265,0.682159,0.686714,0.591977,0.576207,0.618056,0.629614,0.605368,0.612373,0.587067,0.584032
6nmw_A_64-122,D10000,1013,59,145092,17125.0,-0.510566,-0.488500,0.354669,0.277960,0.474133,0.452294,0.458333,0.424090,0.522747,0.483704,0.480870,0.439287,0.390956,0.383409,0.367675,0.361564,0.513154,0.493654,0.379102,0.355373,0.592257,0.567745,0.588229,0.559508,0.591849,0.551060,0.599599,0.551740,0.633293,0.591821,0.598292,0.555823,0.639554,0.606722,0.616688,0.568698,0.601656,0.583055,0.682931,0.693757,0.624959,0.576952,0.571428,0.508604
1qly_A_1-58,D10000,1051,58,153785,17398.9,-0.557532,-0.571021,0.434362,0.410954,0.493571,0.491212,0.516505,0.512000,0.605172,0.553429,0.617395,0.578940,0.606361,0.567363,0.515347,0.481972,0.593376,0.600843,0.612268,0.582786,0.604876,0.602353,0.625350,0.624249,0.661914,0.609655,0.700627,0.659699,0.746567,0.698837,0.676958,0.632615,0.699844,0.672053,0.729505,0.688620,0.637096,0.599069,0.732573,0.706133,0.706023,0.640208,0.661373,0.573157
1h92_A_6-62,D10000,993,57,138293,15341.0,-0.471975,-0.492745,0.317214,0.288541,0.453177,0.448964,0.440107,0.423809,0.498041,0.489686,0.462876,0.447126,0.433731,0.448704,0.370313,0.370731,0.505497,0.494476,0.465828,0.444471,0.529545,0.559020,0.526212,0.549644,0.523008,0.551991,0.519211,0.525789,0.582759,0.603305,0.532434,0.530548,0.574338,0.602262,0.586180,0.607071,0.587015,0.591112,0.652246,0.691556,0.537332,0.528509,0.549226,0.500728
1s1n_A_153-211_V181A,D10000,1104,59,149666,18457.5,-0.511642,-0.534582,0.368373,0.393034,0.485765,0.491294,0.519340,0.512572,0.564816,0.555714,0.518806,0.514024,0.483412,0.464036,0.464645,0.439732,0.560126,0.548924,0.426198,0.410000,0.562114,0.586240,0.588991,0.614140,0.584944,0.599154,0.583689,0.582175,0.631458,0.647744,0.610041,0.612762,0.633345,0.643378,0.561706,0.594336,0.672682,0.637023,0.680629,0.673891,0.651517,0.632586,0.622318,0.556924
1gl5_A_180-237,D10000,1075,58,145861,16137.8,-0.579724,-0.589794,0.389343,0.418989,0.492693,0.508945,0.500031,0.512890,0.560017,0.566165,0.595774,0.599910,0.503428,0.510112,0.410151,0.425916,0.579863,0.594653,0.535851,0.516570,0.578140,0.623356,0.593881,0.643195,0.590998,0.627903,0.651956,0.675355,0.687003,0.719470,0.602897,0.639882,0.669786,0.695889,0.692683,0.698574,0.639922,0.614118,0.708975,0.728409,0.686746,0.652547,0.597925,0.540567
1srm_A_9-63,D10000,1033,55,147519,15308.4,-0.547243,-0.555058,0.390105,0.380978,0.524138,0.550307,0.542931,0.561245,0.603976,0.586757,0.576627,0.532047,0.565906,0.554769,0.525317,0.547753,0.584737,0.596051,0.531772,0.509625,0.628479,0.665336,0.647165,0.674046,0.662280,0.669328,0.668949,0.624651,0.709201,0.677624,0.677149,0.670692,0.702309,0.698897,0.686829,0.642929,0.581375,0.514154,0.661259,0.656598,0.608449,0.583120,0.626609,0.546754
1zlm_A_14-69,D10000,1029,56,154248,16133.9,-0.504314,-0.492569,0.521041,0.503468,0.585794,0.576373,0.578005,0.562666,0.654203,0.634223,0.593241,0.584146,0.483606,0.501913,0.481704,0.482223,0.578567,0.581910,0.479780,0.472517,0.653965,0.625573,0.653254,0.622166,0.668061,0.653804,0.636707,0.594342,0.655198,0.614724,0.636082,0.589796,0.674108,0.639406,0.664407,0.621154,0.564498,0.538467,0.674037,0.670450,0.620245,0.569398,0.621073,0.583905
3i35_A_205-261,D10000,1044,57,143705,16319.4,-0.594270,-0.620614,0.399105,0.349395,0.454281,0.432592,0.459813,0.434205,0.519987,0.473384,0.494292,0.457689,0.498996,0.490272,0.439408,0.432505,0.506499,0.490855,0.512534,0.504100,0.594580,0.594125,0.595812,0.592599,0.610562,0.586673,0.641121,0.610447,0.671219,0.666744,0.617849,0.596395,0.660677,0.648868,0.684615,0.665968,0.582565,0.552260,0.629931,0.629053,0.582002,0.564450,0.573914,0.539279
2lp5_A_2-58,D10000,1067,57,148002,16450.2,-0.479735,-0.484696,0.272468,0.273951,0.418353,0.452423,0.438561,0.468466,0.485269,0.490953,0.441930,0.416889,0.492674,0.499211,0.451254,0.464746,0.514605,0.529724,0.496098,0.483466,0.490195,0.566427,0.513204,0.579560,0.522399,0.556210,0.532596,0.502140,0.608459,0.623566,0.568992,0.585509,0.579617,0.623722,0.618234,0.619921,0.585854,0.524464,0.630208,0.626617,0.598777,0.576559,0.588786,0.517463
2kcm_A_1-68,D10000,1188,68,43581,10873.4,-0.600928,-0.614190,0.482387,0.471113,0.544812,0.533951,0.586221,0.568366,0.621733,0.578415,0.668540,0.651884,0.644505,0.619437,0.590387,0.540704,0.671059,0.660465,0.618204,0.609789,0.673828,0.617485,0.701532,0.651103,0.716088,0.640818,0.778952,0.730000,0.744810,0.724957,0.698469,0.637627,0.775104,0.735395,0.750363,0.717535,0.658434,0.624246,0.713920,0.661243,0.682119,0.615423,0.662900,0.608767
2l7m_P_6-57,D1000,935,52,82361,5413.1,-0.519191,-0.506666,0.524865,0.506997,0.578635,0.551676,0.622856,0.594517,0.587038,0.557172,0.481936,0.484622,0.502797,0.554331,0.521717,0.556855,0.567263,0.551691,0.485942,0.505109,0.692925,0.643150,0.727098,0.677395,0.694470,0.646144,0.641203,0.610203,0.725356,0.675542,0.727235,0.678877,0.718637,0.668199,0.712443,0.657216,0.621823,0.581334,0.583517,0.493302,0.645985,0.522387,0.585979,0.546025
5z2s_A_5-51,D1000,643,47,42914,3294.9,-0.195806,-0.157889,0.210682,0.187943,0.295425,0.287384,0.340506,0.335068,0.296545,0.310162,0.270425,0.273954,0.305554,0.290763,0.310119,0.301291,0.349410,0.350765,0.258991,0.246306,0.323916,0.262215,0.355971,0.318612,0.314631,0.281365,0.270138,0.235015,0.345270,0.322162,0.357555,0.343128,0.345845,0.308364,0.291664,0.293012,0.424760,0.413328,0.384117,0.332426,0.425175,0.417690,0.261876,0.268212
2jwt_A_5-54,D1000,932,50,84801,5137.4,-0.563553,-0.539172,0.323454,0.241192,0.459948,0.394062,0.524023,0.452897,0.497292,0.408885,0.387598,0.296764,0.448723,0.418337,0.463695,0.439483,0.487359,0.440320,0.382655,0.334257,0.651805,0.554930,0.690345,0.596784,0.671241,0.551642,0.620049,0.505047,0.704215,0.602217,0.701995,0.606951,0.697951,0.613555,0.666548,0.580932,0.723823,0.632022,0.690546,0.554964,0.712661,0.617308,0.677310,0.573366
2m0c_A_15-62,D1000,826,48,73221,4753.3,-0.445226,-0.427304,0.445209,0.400991,0.516363,0.472467,0.547133,0.493139,0.554768,0.471946,0.452439,0.366069,0.433500,0.387562,0.477975,0.450563,0.460193,0.411124,0.400190,0.343778,0.621131,0.549522,0.641338,0.568624,0.632662,0.533851,0.562887,0.480630,0.626466,0.540224,0.647979,0.574563,0.610223,0.533329,0.601791,0.527670,0.577828,0.533578,0.541851,0.442559,0.546407,0.512414,0.524879,0.485949
2btt_A_1122-1182,D1000,941,61,92559,8680.9,-0.307388,-0.305887,0.300501,0.270347,0.378062,0.373050,0.361380,0.347954,0.410702,0.410993,0.423634,0.387755,0.258074,0.287996,0.213864,0.220785,0.436786,0.439894,0.311681,0.293433,0.393220,0.410573,0.393810,0.395463,0.407520,0.418347,0.440168,0.418852,0.433884,0.444210,0.367013,0.366420,0.466716,0.464621,0.443500,0.418718,0.457898,0.446624,0.447719,0.439647,0.387294,0.361692,0.385109,0.365897
2jrr_A_4-60,D100,1080,57,2850,813.7,-0.204107,-0.402164,0.213908,0.275528,0.236124,0.285957,0.246113,0.297582,0.212156,0.295365,0.160363,0.295904,0.174589,0.275103,0.216408,0.287762,0.152999,0.265850,0.124685,0.257826,0.334689,0.428610,0.341070,0.434546,0.309441,0.416005,0.248618,0.406317,0.293585,0.424694,0.322201,0.427847,0.283446,0.431790,0.248471,0.421532,0.266942,0.453700,0.314202,0.422622,0.225412,0.401724,0.256838,0.423780
3dkm_A_1267-1338,D1000,1242,72,6500,1059.3,-0.511501,-0.519199,0.634804,0.630796,0.618133,0.633326,0.648383,0.650161,0.650490,0.658202,0.601720,0.613030,0.526603,0.543501,0.532948,0.536319,0.620821,0.650168,0.508243,0.533217,0.685693,0.713455,0.690753,0.719272,0.699349,0.728546,0.673146,0.692614,0.674572,0.692044,0.653366,0.675190,0.705990,0.708600,0.660858,0.668412,0.538628,0.536535,0.626341,0.648964,0.592118,0.523008,0.469717,0.438286
5aht_A_1-43,D1000,565,43,64556,3342.8,-0.401001,-0.389242,0.518034,0.543564,0.452204,0.441334,0.465519,0.442466,0.466437,0.452949,0.426248,0.432377,0.342749,0.377635,0.275740,0.306948,0.535356,0.543853,0.397307,0.401805,0.577389,0.519127,0.587894,0.548846,0.562598,0.506662,0.530665,0.472966,0.581254,0.554375,0.543692,0.514308,0.625601,0.595083,0.537332,0.490851,0.394532,0.308512,0.437173,0.426328,0.384584,0.146077,0.290355,0.250757
2op7_A_1-39,D1000,684,39,64314,3196.1,-0.666202,-0.717413,0.489819,0.552346,0.516068,0.516019,0.565370,0.519209,0.631162,0.635138,0.612683,0.611402,0.477842,0.439566,0.429415,0.382826,0.556930,0.579569,0.553891,0.526377,0.718439,0.722316,0.751715,0.741783,0.731814,0.728755,0.721584,0.736223,0.781637,0.781449,0.751980,0.742022,0.755340,0.774992,0.786072,0.776434,0.666393,0.673822,0.585863,0.655133,0.575717,0.549519,0.536631,0.553895
2ysf_A_7-40,D1000,534,34,63531,2677.6,-0.556065,-0.615501,0.382306,0.425586,0.411317,0.419661,0.464483,0.437558,0.495735,0.500531,0.511355,0.505697,0.382738,0.375851,0.348392,0.345260,0.451905,0.457018,0.437691,0.429443,0.587643,0.610334,0.630200,0.649041,0.597553,0.627086,0.618718,0.675314,0.633204,0.680671,0.620889,0.655300,0.620737,0.666527,0.634148,0.687180,0.549619,0.518046,0.590776,0.603400,0.575680,0.641858,0.484015,0.497778
2ysh_A_4-40,D1000,637,37,71799,4403.5,-0.531571,-0.552074,0.499008,0.492627,0.587260,0.549676,0.649670,0.600230,0.626534,0.597633,0.584918,0.607240,0.522847,0.474901,0.534988,0.481129,0.609965,0.584017,0.548807,0.486848,0.676779,0.626332,0.726209,0.688582,0.692107,0.644575,0.688722,0.654018,0.699401,0.665594,0.698875,0.665436,0.710956,0.683980,0.709167,0.656597,0.664117,0.652336,0.628226,0.630198,0.640359,0.601816,0.529029,0.484962
1gjs_A_18-62,D10,815,45,265,85.7,-0.424886,-0.409406,0.422277,0.376382,0.467152,0.448712,0.467272,0.445678,0.502567,0.466919,0.508938,0.474956,0.433945,0.454608,0.437047,0.446315,0.379267,0.400141,0.393015,0.427315,0.590099,0.519551,0.592938,0.514697,0.573721,0.533781,0.578287,0.522417,0.588305,0.521523,0.589234,0.513689,0.561719,0.523356,0.564070,0.534190,0.600750,0.636334,0.556219,0.539658,0.599785,0.543516,0.563099,0.538800
2mwa_A_428-464_af,D1000,665,37,22944,3170.9,-0.441349,-0.425006,0.618964,0.576299,0.579355,0.490181,0.623290,0.537896,0.641434,0.589210,0.639435,0.608528,0.488290,0.381726,0.497418,0.385959,0.573115,0.533063,0.474846,0.387620,0.658395,0.572040,0.677100,0.600969,0.691767,0.644837,0.675796,0.624606,0.628048,0.568437,0.633235,0.568241,0.648776,0.586716,0.639149,0.546259,0.652222,0.553631,0.547464,0.441866,0.573579,0.436114,0.458013,0.406677
1v1c_A_2-66,D100,1209,65,4070,221.1,-0.609978,-0.614273,0.625677,0.638775,0.570249,0.587493,0.632384,0.583596,0.634449,0.616391,0.602667,0.598593,0.564495,0.542319,0.571917,0.531809,0.578229,0.616169,0.516238,0.569228,0.730426,0.696958,0.752258,0.693214,0.743344,0.709442,0.735565,0.695537,0.749101,0.693991,0.738602,0.668584,0.750341,0.728930,0.730741,0.714054,0.756058,0.718333,0.747365,0.643370,0.723144,0.617946,0.734050,0.627460
1ufm_A_293-364,D100,1366,72,2081,539.7,-0.563837,-0.560826,0.284314,0.294770,0.417021,0.388764,0.447440,0.409140,0.445925,0.401715,0.422767,0.367378,0.470405,0.427362,0.462189,0.419183,0.415585,0.379574,0.405476,0.375711,0.644879,0.573143,0.650868,0.573891,0.656166,0.575602,0.647928,0.549903,0.682421,0.590770,0.670017,0.582127,0.657402,0.581083,0.657253,0.583916,0.754363,0.705268,0.751987,0.647272,0.701336,0.638583,0.737845,0.672868
4c26_A_-2-59,D1000,1159,62,6307,3865.5,-0.569862,-0.519180,0.250509,0.223934,0.448771,0.409298,0.449248,0.405538,0.495285,0.437768,0.471779,0.423849,0.514721,0.501320,0.466376,0.399813,0.505569,0.513896,0.477666,0.496001,0.703993,0.593286,0.702749,0.587596,0.715451,0.593834,0.681326,0.574726,0.714656,0.643813,0.687748,0.575392,0.720368,0.651488,0.672348,0.623789,0.678470,0.562163,0.665583,0.556290,0.774669,0.703264,0.680954,0.553628
4uzw_A_1-44,D1000,768,44,3427,1454.1,-0.587026,-0.595495,0.583680,0.543618,0.613320,0.578287,0.619082,0.583705,0.671053,0.654236,0.603535,0.595459,0.447371,0.412610,0.442847,0.396932,0.608337,0.591079,0.496621,0.468998,0.727890,0.683039,0.737082,0.689927,0.750135,0.710106,0.737623,0.698465,0.709251,0.653108,0.694409,0.639722,0.759982,0.697830,0.723482,0.660016,0.644022,0.607910,0.657115,0.622796,0.674376,0.603335,0.578720,0.546655
1pv0_A_1-44,D100,834,44,757,493.3,-0.555932,-0.517301,0.478188,0.503744,0.580503,0.595911,0.582180,0.596120,0.575593,0.577654,0.572104,0.570672,0.576086,0.578313,0.586219,0.581896,0.543019,0.606289,0.541255,0.595752,0.692241,0.643590,0.691879,0.641273,0.677271,0.630423,0.682245,0.623245,0.701158,0.639217,0.705431,0.644759,0.690636,0.646554,0.690012,0.644808,0.746572,0.658769,0.739469,0.672956,0.774703,0.641449,0.696728,0.634297
2m8u_A_9-75,D10000,1270,67,117401,38599.0,-0.533752,-0.521028,0.360019,0.323061,0.520267,0.476722,0.531834,0.486421,0.563182,0.483137,0.358586,0.336256,0.427764,0.405717,0.467609,0.449210,0.492977,0.469243,0.379837,0.359245,0.633603,0.557413,0.640397,0.570524,0.640218,0.549798,0.575280,0.512986,0.646072,0.570178,0.647275,0.571603,0.645510,0.583198,0.605403,0.532297,0.667743,0.603475,0.605650,0.509102,0.689091,0.595248,0.556336,0.446430
2ami_A_3-74,D10000,1348,72,141344,46779.8,-0.319998,-0.273377,0.373703,0.334373,0.502249,0.440793,0.499357,0.440226,0.563997,0.463399,0.452439,0.345174,0.388490,0.319739,0.420056,0.404421,0.514571,0.465671,0.356011,0.296943,0.541420,0.472333,0.532489,0.475393,0.567353,0.472517,0.494060,0.374704,0.528622,0.399832,0.578077,0.478461,0.543090,0.468070,0.501486,0.384652,0.632428,0.569523,0.615450,0.500299,0.544335,0.347694,0.559688,0.416541
2rrt_A_5-71,D10000,1269,67,133507,44081.5,-0.424664,-0.378279,0.420204,0.395644,0.555563,0.451148,0.542676,0.432383,0.629602,0.465090,0.434003,0.275891,0.452520,0.383075,0.463929,0.412225,0.526602,0.439283,0.397993,0.351283,0.674296,0.534883,0.661719,0.521375,0.690875,0.523650,0.543787,0.384898,0.661653,0.493482,0.675171,0.510782,0.659115,0.508653,0.612928,0.477778,0.679688,0.587007,0.704564,0.539591,0.635043,0.461892,0.601014,0.461225
2k2a_A_92-154,D10000,1142,63,120888,40944.8,-0.496977,-0.491557,0.377748,0.433069,0.455152,0.443972,0.451152,0.444278,0.459037,0.482265,0.436525,0.451384,0.356017,0.421617,0.339328,0.424783,0.451457,0.444581,0.365433,0.382882,0.590774,0.615889,0.579019,0.611374,0.582504,0.623587,0.591169,0.600953,0.620657,0.611917,0.600833,0.614097,0.598259,0.609405,0.602381,0.584361,0.695969,0.658405,0.650357,0.617987,0.564652,0.496613,0.590595,0.491202
2lyr_A_1-62,D10000,1176,62,55190,28997.1,-0.593896,-0.601906,0.457505,0.480353,0.673458,0.667135,0.683287,0.675673,0.738935,0.690189,0.655225,0.601404,0.618462,0.592093,0.664531,0.623685,0.661798,0.674391,0.564986,0.555380,0.754999,0.721424,0.759545,0.726937,0.773403,0.728665,0.730610,0.666604,0.766898,0.718812,0.774258,0.726753,0.775419,0.737326,0.753150,0.692567,0.753189,0.737065,0.720078,0.612787,0.744636,0.674806,0.724480,0.646999
2lo1_A_6-70,D10000,1199,65,119362,34802.3,-0.564775,-0.518613,0.523415,0.525243,0.540289,0.517125,0.571588,0.539548,0.627296,0.553576,0.534410,0.429738,0.492083,0.440125,0.519292,0.467860,0.539240,0.508998,0.458808,0.397441,0.738216,0.648742,0.753230,0.662346,0.765697,0.655589,0.694683,0.557397,0.756501,0.640221,0.777824,0.667207,0.746241,0.653702,0.733714,0.614076,0.709853,0.645615,0.716313,0.557479,0.746390,0.683122,0.694638,0.572020
2lgw_A_3-67,D10000,1212,65,116645,36190.0,-0.598888,-0.581750,0.529039,0.519539,0.580615,0.567843,0.604052,0.580986,0.670590,0.602345,0.607775,0.553360,0.597421,0.564145,0.602133,0.568360,0.601444,0.596796,0.572482,0.553072,0.752544,0.659967,0.767051,0.668050,0.791268,0.675475,0.743852,0.644093,0.771014,0.672301,0.786174,0.676592,0.757041,0.673222,0.752794,0.671669,0.672070,0.610151,0.706173,0.592732,0.754740,0.668522,0.679150,0.570206
2och_A_5-66,D10000,1077,62,118659,36543.7,-0.403564,-0.380112,0.459991,0.486044,0.473389,0.478776,0.495920,0.495542,0.513321,0.505951,0.430175,0.428335,0.391899,0.404821,0.425336,0.444207,0.479235,0.472072,0.390409,0.387816,0.605251,0.568585,0.618995,0.583527,0.604507,0.579248,0.539386,0.504574,0.593449,0.551333,0.616397,0.580773,0.611086,0.566583,0.589086,0.542143,0.610860,0.581599,0.598480,0.522392,0.571168,0.555338,0.534085,0.448519
2myx_A_61-112,D10,957,52,223,88.2,-0.547575,-0.604413,0.432861,0.453441,0.465195,0.496891,0.512748,0.526812,0.517837,0.544069,0.520808,0.530277,0.486412,0.507566,0.477484,0.499881,0.378672,0.382177,0.543635,0.556856,0.645649,0.633461,0.663865,0.653481,0.636021,0.632268,0.651736,0.641452,0.673643,0.655214,0.665329,0.641617,0.654418,0.652521,0.690207,0.680956,0.698917,0.675986,0.721633,0.733702,0.576044,0.588155,0.577925,0.500385
2hdz_A_11-60,D10,892,50,723,15.5,-0.643776,-0.607868,0.317023,0.305727,0.276861,0.250687,0.295355,0.298614,0.428831,0.396672,0.398686,0.379615,0.303911,0.336471,0.303906,0.328765,0.162096,0.063547,0.273812,0.307342,0.690514,0.631335,0.674016,0.614144,0.664713,0.603297,0.654487,0.578383,0.682155,0.629669,0.679592,0.630490,0.657629,0.608898,0.677711,0.620088,0.710363,0.677296,0.631194,0.528075,0.705102,0.570970,0.630744,0.542940
1qp2_A_1-70,D100,1089,63,937,165.6,-0.397009,-0.414208,0.252137,0.290483,0.358457,0.393861,0.385728,0.420396,0.343272,0.379635,0.302545,0.352936,0.341946,0.383670,0.347191,0.388395,0.314988,0.327856,0.350180,0.378268,0.509400,0.539004,0.531757,0.557185,0.494755,0.520683,0.473907,0.496528,0.518269,0.545110,0.525455,0.551063,0.490871,0.518459,0.504491,0.523983,0.519315,0.526721,0.488750,0.510808,0.443532,0.453738,0.487768,0.491889
1orc_A_3-60,D100,1194,63,539,244.3,-0.548203,-0.506809,0.392466,0.360665,0.463311,0.463210,0.459119,0.452564,0.460271,0.449268,0.437761,0.380043,0.473558,0.455446,0.469780,0.459032,0.424880,0.412734,0.418435,0.405277,0.628015,0.563075,0.626416,0.555745,0.612915,0.551182,0.628310,0.527617,0.659717,0.565293,0.648653,0.552337,0.653637,0.575977,0.646381,0.574815,0.748076,0.710669,0.746492,0.617804,0.756315,0.681812,0.705687,0.597364
1qkh_A_9-76,D1000,1267,68,13267,3666.7,-0.557845,-0.588501,0.139202,0.138337,0.265724,0.263074,0.269225,0.265154,0.304732,0.293792,0.308436,0.293065,0.307394,0.302611,0.307270,0.293984,0.328353,0.325769,0.311552,0.319933,0.548005,0.526030,0.544804,0.512898,0.556278,0.513533,0.558633,0.509188,0.590731,0.563429,0.574833,0.532641,0.596708,0.576086,0.606351,0.592317,0.616489,0.538240,0.741479,0.659179,0.622493,0.528612,0.628245,0.529392
2jy8_A_5-49,D100,843,45,635,124.6,-0.564145,-0.575324,0.509692,0.540967,0.593284,0.611975,0.618282,0.631356,0.661628,0.663041,0.670407,0.665261,0.611267,0.635151,0.613838,0.631617,0.535485,0.550583,0.573517,0.605368,0.729860,0.720194,0.739610,0.739562,0.725396,0.711780,0.732224,0.718147,0.756861,0.737576,0.755085,0.739662,0.718831,0.694936,0.723932,0.711387,0.759965,0.745488,0.696292,0.651655,0.767182,0.754646,0.669281,0.596126
2m0y_A_4-69,D10000,1217,66,122218,12593.3,-0.491814,-0.534562,0.479024,0.484202,0.508321,0.508223,0.524045,0.517232,0.574078,0.543708,0.500017,0.477936,0.462853,0.488612,0.464768,0.472061,0.541081,0.539251,0.454170,0.467096,0.601963,0.601917,0.612069,0.618752,0.619715,0.601309,0.594320,0.559974,0.626746,0.643942,0.601274,0.605998,0.655111,0.654029,0.622927,0.632274,0.586002,0.547088,0.626017,0.594525,0.619277,0.578178,0.610165,0.549213
2l6q_A_2-56,D100,1040,55,330,223.2,-0.517232,-0.472266,0.617808,0.565025,0.619111,0.584568,0.625845,0.591915,0.681875,0.646529,0.655468,0.630911,0.540072,0.546380,0.558388,0.543834,0.491121,0.533389,0.485138,0.529709,0.708171,0.611081,0.712016,0.616890,0.724952,0.654411,0.711616,0.623490,0.688637,0.601753,0.692937,0.592119,0.673315,0.609424,0.659084,0.598616,0.749518,0.683441,0.755900,0.660955,0.735744,0.607346,0.733391,0.639592
2m8j_A_1-43,D1000,779,43,70449,4933.0,-0.598169,-0.625077,0.611685,0.588314,0.638353,0.590737,0.703267,0.629321,0.719651,0.674642,0.666134,0.665538,0.591221,0.488824,0.571482,0.470802,0.697959,0.655991,0.651463,0.571479,0.740582,0.696359,0.787028,0.735705,0.775427,0.722464,0.764644,0.701738,0.785303,0.739651,0.770016,0.717299,0.789450,0.755074,0.793515,0.729737,0.700062,0.568921,0.711908,0.653265,0.712376,0.585743,0.544059,0.422737
2k1b_A_4-52,D1000,931,49,12907,3715.7,-0.458341,-0.488692,0.531987,0.526102,0.591832,0.572546,0.616101,0.594804,0.613454,0.593506,0.539150,0.529648,0.487315,0.518077,0.515712,0.532798,0.605431,0.621725,0.424209,0.420437,0.660374,0.641896,0.669051,0.652137,0.655005,0.644189,0.608643,0.591739,0.665257,0.656559,0.652267,0.643564,0.681157,0.673788,0.635951,0.627468,0.598718,0.577051,0.602216,0.608971,0.642746,0.582152,0.583301,0.567063
2k28_A_7-56,D1000,918,50,12314,3284.8,-0.509662,-0.515373,0.561299,0.564777,0.599768,0.596555,0.633874,0.620417,0.655771,0.634907,0.586073,0.573511,0.478337,0.488158,0.514012,0.518369,0.594581,0.624666,0.411413,0.406099,0.689545,0.666180,0.695249,0.670192,0.696897,0.678490,0.654477,0.623465,0.672993,0.651895,0.664112,0.647061,0.679414,0.671277,0.642414,0.622759,0.637866,0.593534,0.612857,0.654283,0.671757,0.604189,0.546137,0.519972
2k52_A_2-72_F22S,D10000,1338,71,96482,29892.0,-0.465508,-0.498528,0.252665,0.282656,0.420826,0.409720,0.431598,0.422607,0.488359,0.452934,0.312950,0.340165,0.384351,0.372356,0.393581,0.402548,0.439000,0.419482,0.359299,0.329451,0.533844,0.538334,0.546171,0.548931,0.542795,0.521574,0.476214,0.497602,0.553738,0.540018,0.552106,0.548748,0.557443,0.543096,0.538120,0.527801,0.634037,0.631381,0.642280,0.612165,0.592745,0.586688,0.653142,0.639959
5gu9_A_80-149_V139D,D10000,1202,70,125732,34524.7,-0.413916,-0.413715,0.259241,0.323790,0.377846,0.415598,0.386182,0.419020,0.372179,0.409240,0.330486,0.376681,0.340771,0.364821,0.345600,0.367949,0.406246,0.413975,0.263532,0.295425,0.547061,0.546173,0.543614,0.547369,0.511626,0.527047,0.488702,0.512033,0.475123,0.504482,0.470880,0.491696,0.539738,0.550438,0.445551,0.467779,0.617194,0.619763,0.623554,0.629160,0.589049,0.592751,0.571363,0.540148
2mky_A_19-73,D100,1009,55,347,145.4,-0.523206,-0.537058,0.434166,0.414873,0.362874,0.352207,0.362029,0.347341,0.385557,0.374305,0.389489,0.369005,0.330832,0.320255,0.341124,0.332200,0.268193,0.241158,0.310005,0.285937,0.581546,0.543266,0.577031,0.532666,0.563693,0.528247,0.576994,0.540251,0.581799,0.533463,0.580265,0.531570,0.585234,0.554026,0.594486,0.562606,0.688661,0.679845,0.679716,0.618271,0.606495,0.495748,0.662706,0.577925
2o2w_A_818-884,D10000,1209,67,136722,14584.5,-0.527942,-0.573242,0.510498,0.493646,0.568166,0.545105,0.575979,0.557446,0.623454,0.573277,0.563555,0.553021,0.542634,0.488882,0.501383,0.436195,0.623103,0.629488,0.500640,0.484024,0.686164,0.652533,0.672047,0.644450,0.713889,0.667046,0.699461,0.657477,0.716384,0.681138,0.675306,0.618784,0.712554,0.685308,0.677785,0.650128,0.588735,0.550598,0.641558,0.654771,0.551499,0.564528,0.545499,0.509853
2mi6_A_8-62,D1000,1019,55,13213,2720.8,-0.540968,-0.530058,0.364010,0.402259,0.464129,0.459516,0.489833,0.480601,0.557397,0.539258,0.553510,0.521491,0.537291,0.503457,0.531903,0.494481,0.491630,0.485624,0.485035,0.475369,0.709503,0.648735,0.730905,0.666743,0.735897,0.657568,0.725842,0.625776,0.750996,0.660326,0.754362,0.667425,0.712546,0.645261,0.704888,0.628351,0.752068,0.664833,0.743541,0.657251,0.777618,0.699266,0.724845,0.623523
2k5p_A_1-64,D1000,1211,64,1686,1379.7,-0.449491,-0.483913,0.479274,0.519578,0.549540,0.557040,0.551352,0.561399,0.574381,0.589968,0.539202,0.554730,0.543686,0.551000,0.527811,0.538445,0.580435,0.587842,0.558907,0.574798,0.634059,0.644677,0.636229,0.648133,0.627402,0.649589,0.594666,0.597081,0.629862,0.640334,0.620246,0.633339,0.651075,0.652641,0.639606,0.636020,0.728421,0.730994,0.627592,0.592433,0.652265,0.631046,0.652186,0.613162
3v1a_A_1-44,D100,830,44,770,121.7,-0.462354,-0.401907,0.323509,0.293118,0.355341,0.357427,0.351761,0.338376,0.327520,0.316076,0.307649,0.268971,0.314342,0.271441,0.325529,0.281811,0.207259,0.188087,0.251483,0.238643,0.528008,0.443544,0.529869,0.459267,0.522265,0.431645,0.518951,0.418795,0.533608,0.447641,0.536263,0.448359,0.513468,0.453988,0.519260,0.467877,0.788313,0.721365,0.704262,0.573385,0.655350,0.620742,0.731805,0.628089
2mkx_A_4-50_L14A,D10000,885,47,110036,69250.1,-0.617397,-0.612991,0.625532,0.623312,0.727549,0.706332,0.729640,0.710189,0.788459,0.770101,0.743822,0.728902,0.620957,0.616878,0.602799,0.627306,0.728042,0.711221,0.612348,0.584072,0.812071,0.814839,0.812295,0.816450,0.789021,0.822246,0.738482,0.736606,0.788477,0.800574,0.777357,0.797176,0.824012,0.827484,0.796645,0.781069,0.681647,0.669756,0.703638,0.665042,0.689700,0.684883,0.645480,0.593975
1ubq_A_1-72_L67S,D10000,1352,72,43916,10181.0,-0.559631,-0.524749,0.477224,0.505938,0.645299,0.607238,0.710911,0.664639,0.725853,0.642136,0.421875,0.311603,0.462040,0.457744,0.601274,0.622601,0.604021,0.591369,0.388320,0.372735,0.760588,0.652394,0.787483,0.692297,0.786537,0.672110,0.537753,0.444592,0.719729,0.599662,0.762383,0.663018,0.763720,0.667949,0.686692,0.566832,0.761725,0.678862,0.794168,0.660538,0.775169,0.671954,0.759938,0.654054
2ru9_A_2-69,D100,1123,68,355,201.3,-0.461821,-0.449593,0.211575,0.209786,0.296612,0.271712,0.302217,0.274192,0.302309,0.293491,0.300956,0.275982,0.320104,0.269290,0.315348,0.268027,0.299135,0.257180,0.323014,0.309694,0.534081,0.460491,0.532520,0.455660,0.499539,0.442669,0.510014,0.449527,0.556340,0.461324,0.547110,0.447411,0.545384,0.499079,0.556470,0.513091,0.735257,0.643481,0.698830,0.607946,0.686642,0.571019,0.689927,0.595322
2l9r_A_8-68,D1000,1157,61,76437,4977.3,-0.577613,-0.571061,0.536756,0.523740,0.607959,0.601217,0.633801,0.613747,0.651606,0.613108,0.559614,0.537202,0.590273,0.572385,0.595367,0.567560,0.590539,0.606849,0.505656,0.514428,0.702703,0.653918,0.711609,0.659570,0.723032,0.657280,0.683459,0.617821,0.725328,0.663646,0.721648,0.661347,0.707533,0.660955,0.671487,0.612029,0.706889,0.656971,0.622806,0.474568,0.678650,0.568420,0.708066,0.629102
1tuc_A_101-16,D10000,1045,59,120539,11934.4,-0.443940,-0.442267,0.302353,0.295361,0.327403,0.317300,0.355691,0.339775,0.358142,0.299656,0.308150,0.284407,0.380992,0.344394,0.335821,0.304998,0.431002,0.394119,0.394262,0.360204,0.417366,0.473781,0.448554,0.484885,0.413435,0.396302,0.424976,0.371084,0.555034,0.507672,0.501778,0.468551,0.550659,0.521076,0.548092,0.512592,0.632541,0.574798,0.557811,0.466855,0.600926,0.527071,0.591944,0.530691
5ubs_A_1-56,D10,1024,56,150,27.0,-0.478622,-0.468334,0.350467,0.285266,0.315720,0.315605,0.309304,0.293422,0.396972,0.304751,0.415455,0.347179,0.251789,0.324253,0.262590,0.303548,0.105944,0.140333,0.201515,0.341229,0.550092,0.512500,0.524334,0.474422,0.501356,0.404070,0.520304,0.447068,0.502390,0.472194,0.505942,0.470849,0.473547,0.484135,0.477499,0.460474,0.568366,0.556591,0.591704,0.538337,0.653565,0.575953,0.608033,0.552523
2zw1_A_0-56_V54S,D10,1071,57,150,30.3,-0.494910,-0.485726,0.498969,0.476731,0.531095,0.566957,0.513447,0.528067,0.582642,0.574983,0.574409,0.560536,0.474121,0.549599,0.474780,0.543039,0.391837,0.396592,0.496959,0.564035,0.647126,0.623172,0.642603,0.605912,0.645821,0.609768,0.642397,0.617807,0.632133,0.608216,0.632714,0.604883,0.590704,0.588344,0.636524,0.624127,0.628944,0.626768,0.603242,0.583797,0.722199,0.688321,0.639463,0.604545
1gb4_A_1-57_F53D,D10,1040,57,150,30.5,-0.298002,-0.352590,0.127480,0.173597,0.115091,0.158449,0.146156,0.165478,0.155464,0.159002,0.161816,0.192781,0.119920,0.186981,0.128772,0.177346,0.071846,0.061544,0.064338,0.140326,0.293564,0.300588,0.307350,0.309028,0.275481,0.274090,0.260945,0.324651,0.299677,0.312625,0.302865,0.315329,0.292806,0.326055,0.264524,0.279445,0.528422,0.546628,0.509680,0.501862,0.593797,0.573781,0.554498,0.549115
2jws_A_7-54,D10,902,48,320,72.9,-0.527124,-0.487833,0.382238,0.458180,0.251993,0.279075,0.422825,0.412971,0.291787,0.285520,0.306280,0.295189,0.298978,0.338735,0.340408,0.375231,0.184792,0.107566,0.283194,0.255055,0.539382,0.445280,0.619793,0.523497,0.524045,0.456836,0.564589,0.503079,0.579202,0.463357,0.596108,0.485393,0.562449,0.466664,0.573593,0.488196,0.756327,0.742417,0.620458,0.531624,0.721752,0.654217,0.707273,0.656094
2kwh_A_393-444,D10,969,52,535,90.9,-0.477802,-0.408404,0.090686,0.108483,0.208281,0.184466,0.213065,0.188370,0.249271,0.239720,0.265847,0.219813,0.258429,0.211907,0.247388,0.196114,0.310382,0.289710,0.259410,0.228305,0.454614,0.415099,0.428080,0.392566,0.456070,0.409105,0.474010,0.399839,0.488990,0.432425,0.471279,0.423181,0.557656,0.470200,0.521158,0.451899,0.744014,0.731568,0.652761,0.462187,0.685410,0.579274,0.707394,0.679730
2krs_A_1-63_W42A,D10000,1189,63,37246,23842.9,-0.513552,-0.529576,0.226586,0.319991,0.450038,0.439230,0.450611,0.443218,0.508778,0.491761,0.418133,0.418621,0.462735,0.448124,0.405854,0.402437,0.497739,0.484049,0.481467,0.460765,0.610050,0.585424,0.607772,0.585907,0.609616,0.588845,0.569722,0.540975,0.647501,0.615891,0.613130,0.573447,0.645009,0.617001,0.643488,0.611511,0.649048,0.553219,0.721801,0.657723,0.708059,0.654609,0.644505,0.555694
2kt8_A_1-67_G54S,D10000,1241,67,36205,23506.0,-0.547742,-0.548312,0.381807,0.425257,0.459436,0.421325,0.467824,0.435743,0.555513,0.499027,0.565070,0.536165,0.469151,0.390941,0.381039,0.319738,0.533755,0.510087,0.496506,0.420556,0.631976,0.591947,0.632154,0.595003,0.647230,0.604527,0.657082,0.599958,0.699507,0.641473,0.642302,0.591871,0.676502,0.627569,0.687012,0.622642,0.714579,0.647038,0.751213,0.694135,0.702893,0.646310,0.710101,0.647278
2l09_A_2-53,D1000,908,52,2810,1119.1,-0.511133,-0.518742,0.384445,0.363901,0.513544,0.492932,0.522719,0.503303,0.508799,0.477976,0.453831,0.421920,0.455409,0.433027,0.468753,0.436370,0.473702,0.454163,0.422725,0.412459,0.668783,0.615667,0.674852,0.625293,0.655320,0.600133,0.650497,0.604132,0.662556,0.626438,0.658549,0.606529,0.651951,0.613887,0.636779,0.619346,0.603975,0.605844,0.630738,0.544307,0.642297,0.587108,0.581521,0.557949
2kru_A_3-54,D1000,890,52,3501,1377.6,-0.524313,-0.519694,0.396154,0.412507,0.367009,0.320808,0.390734,0.346262,0.419670,0.365514,0.407971,0.344760,0.311596,0.262775,0.327385,0.285842,0.346856,0.292798,0.321556,0.259117,0.606224,0.537104,0.623024,0.560756,0.615058,0.536355,0.632893,0.574259,0.602505,0.547132,0.598145,0.543092,0.624263,0.547894,0.638635,0.582429,0.657435,0.641332,0.549227,0.494305,0.663778,0.587721,0.546748,0.505516
2m2l_A_12-63,D1000,890,52,16954,4381.9,-0.383249,-0.398065,0.370945,0.302707,0.521569,0.492165,0.537506,0.503635,0.525182,0.484105,0.411645,0.387700,0.461814,0.444183,0.446429,0.437944,0.543549,0.515106,0.476934,0.455199,0.566297,0.541987,0.583744,0.550635,0.567941,0.532210,0.491333,0.433430,0.590813,0.550301,0.576290,0.539429,0.599552,0.562810,0.581064,0.545907,0.519597,0.472936,0.557382,0.528220,0.576175,0.534961,0.500136,0.441021
2l8d_A_3-62,D100,1137,60,646,137.3,-0.516069,-0.502334,0.359763,0.397793,0.403253,0.450096,0.432793,0.457633,0.407646,0.439294,0.393871,0.409823,0.433859,0.428290,0.422491,0.417337,0.434474,0.449405,0.410905,0.434022,0.602866,0.568333,0.613012,0.573872,0.569700,0.552033,0.579483,0.539545,0.634878,0.570677,0.619461,0.549300,0.631411,0.581889,0.613701,0.578409,0.745376,0.667691,0.687686,0.595389,0.692963,0.511363,0.691931,0.572741
2jz2_A_1-56,D10,1026,56,446,53.0,-0.556792,-0.553597,0.158025,0.104503,0.327203,0.284263,0.385363,0.349133,0.280046,0.221150,0.254947,0.201126,0.370638,0.345977,0.376269,0.353152,0.284557,0.190758,0.323222,0.287133,0.627252,0.569586,0.646236,0.582042,0.575845,0.520231,0.565758,0.512179,0.634012,0.581197,0.638213,0.581026,0.584972,0.556549,0.599724,0.567014,0.661783,0.621642,0.693863,0.615584,0.724772,0.656766,0.718388,0.654227
1wcl_A_351-419,D1000,1307,69,5358,2006.9,-0.551134,-0.558714,0.427648,0.383105,0.500022,0.475159,0.520807,0.489582,0.547518,0.503749,0.569908,0.516400,0.527082,0.493708,0.515664,0.476489,0.475579,0.479154,0.427024,0.416703,0.677178,0.612239,0.692452,0.621446,0.689619,0.608994,0.709317,0.633979,0.729090,0.646615,0.704476,0.618683,0.705896,0.641325,0.690491,0.635575,0.755821,0.714781,0.723879,0.646899,0.740456,0.657261,0.763499,0.703034
2mlb_A_2-73_L44D,D1000,1319,72,39771,8728.4,-0.398265,-0.335008,0.161896,0.122115,0.486462,0.467338,0.566537,0.520160,0.577957,0.498410,0.452587,0.466885,0.517100,0.457425,0.519784,0.462074,0.590286,0.552853,0.435051,0.364047,0.580010,0.494844,0.627165,0.530409,0.622298,0.505205,0.512774,0.380531,0.596446,0.499174,0.603974,0.506107,0.640466,0.546104,0.543883,0.414965,0.695299,0.630291,0.635392,0.446331,0.647701,0.533968,0.652160,0.549218
2m2j_A_21-91,D100,1347,71,797,189.1,-0.440797,-0.491260,0.373225,0.426348,0.402795,0.417483,0.396969,0.410549,0.413666,0.436472,0.397813,0.420480,0.361911,0.376488,0.387155,0.401162,0.217914,0.212835,0.191443,0.162171,0.533919,0.555469,0.529862,0.545286,0.533045,0.553952,0.539246,0.554996,0.532957,0.537344,0.539998,0.543871,0.472751,0.498428,0.463898,0.492860,0.661569,0.659629,0.675725,0.674062,0.674761,0.661570,0.684478,0.679823
2kvv_A_8-68_K50S,D10,1017,61,196,94.9,-0.326446,-0.266323,0.432456,0.346199,0.440957,0.423362,0.434512,0.415906,0.455030,0.411091,0.445498,0.401466,0.395654,0.392201,0.416532,0.408412,0.313198,0.288049,0.332340,0.329538,0.501507,0.450585,0.501164,0.446374,0.507837,0.435461,0.502582,0.410096,0.480520,0.423099,0.493720,0.438130,0.437213,0.361764,0.435910,0.358997,0.599708,0.516159,0.532676,0.448106,0.332181,0.325851,0.402158,0.340922
2kvt_A_8-59,D10,924,52,136,43.1,-0.500995,-0.521283,0.376595,0.376639,0.346155,0.340812,0.352468,0.361564,0.363510,0.374300,0.374656,0.379568,0.333467,0.317708,0.337933,0.332600,0.251514,0.222428,0.319424,0.337043,0.581817,0.577877,0.581238,0.572426,0.550909,0.546461,0.559973,0.553883,0.576060,0.570744,0.578748,0.573356,0.539691,0.550204,0.562162,0.552263,0.600372,0.588416,0.556490,0.522203,0.541497,0.481674,0.532481,0.478487
4g3o_A_452-498,D100,806,47,848,191.5,-0.464973,-0.434999,0.423011,0.435705,0.518349,0.518405,0.536572,0.535222,0.507697,0.510196,0.453729,0.464000,0.532126,0.530989,0.532565,0.531333,0.462145,0.456372,0.473071,0.490045,0.628101,0.619977,0.634951,0.626097,0.627325,0.604112,0.603709,0.562086,0.643071,0.611031,0.639438,0.611726,0.626592,0.584098,0.629338,0.588087,0.638415,0.629462,0.629015,0.600117,0.620789,0.635063,0.510370,0.465544
1tg0_A_3-66,D10000,1080,64,114777,10990.2,-0.464984,-0.491461,0.391315,0.353523,0.444504,0.417863,0.456981,0.430973,0.433975,0.371886,0.356904,0.324606,0.463960,0.439100,0.413068,0.372368,0.520750,0.506713,0.412235,0.415327,0.521492,0.490100,0.528522,0.505691,0.497062,0.444942,0.508049,0.454458,0.576012,0.549959,0.517890,0.477434,0.590239,0.579011,0.563541,0.538359,0.555768,0.519015,0.592189,0.561499,0.521149,0.519118,0.543101,0.493242
2n7y_A_5-76,D10000,1354,72,81956,45925.3,-0.468834,-0.465880,0.484052,0.424130,0.538269,0.518498,0.531854,0.511101,0.562046,0.534769,0.571758,0.543369,0.496815,0.503277,0.474037,0.470079,0.548727,0.526559,0.508319,0.496577,0.629260,0.594373,0.620879,0.582280,0.623608,0.602987,0.652963,0.600848,0.645319,0.618603,0.609845,0.578243,0.656501,0.609928,0.658727,0.603326,0.668929,0.630842,0.718859,0.704324,0.692241,0.662600,0.672304,0.610108
1k1v_A_24-64,D100,759,41,1989,147.3,-0.489523,-0.459945,-0.071933,-0.111139,0.173200,0.105206,0.265957,0.201971,0.185306,0.146033,0.249625,0.194066,0.315513,0.207068,0.314224,0.206314,0.315075,0.264551,0.282183,0.191986,0.472808,0.408251,0.507331,0.439513,0.458432,0.381243,0.491796,0.393054,0.549281,0.476281,0.547242,0.476322,0.577504,0.490451,0.540545,0.471122,0.637888,0.598461,0.518250,0.373279,0.647622,0.559321,0.609280,0.553869
1f0m_A_10-75,D1000,1228,66,22871,1917.5,-0.639032,-0.651827,0.626034,0.545348,0.657850,0.618985,0.685977,0.629862,0.740178,0.663698,0.691665,0.615156,0.595364,0.533304,0.633103,0.570364,0.560241,0.544944,0.511362,0.481964,0.806761,0.740419,0.815203,0.743088,0.830721,0.740243,0.816799,0.713768,0.801551,0.736089,0.806602,0.735789,0.772375,0.721548,0.766736,0.715289,0.744717,0.699102,0.787647,0.660986,0.799956,0.662326,0.752887,0.633103
1lp1_A_4-58,D10,1038,55,1927,51.6,-0.532582,-0.539069,0.268068,0.237262,0.401493,0.429098,0.393891,0.436901,0.488586,0.491562,0.489259,0.487359,0.362817,0.416570,0.364756,0.417023,0.374636,0.388899,0.377442,0.399765,0.616391,0.603192,0.610738,0.582242,0.632069,0.621383,0.630260,0.616412,0.619397,0.590154,0.609598,0.577291,0.629884,0.604991,0.641017,0.618848,0.656232,0.646235,0.651418,0.565931,0.658987,0.626715,0.624378,0.573675
2b88_A_3-56,D10,1003,54,1922,63.4,-0.478081,-0.471551,0.217850,0.208081,0.327305,0.390729,0.354848,0.388193,0.400895,0.414292,0.420243,0.419127,0.323776,0.391257,0.334289,0.378837,0.280975,0.271064,0.298341,0.357632,0.522560,0.497466,0.544602,0.494509,0.552281,0.508335,0.566070,0.509809,0.550893,0.491048,0.545356,0.485688,0.550299,0.510840,0.552048,0.514165,0.644895,0.606238,0.630897,0.522767,0.688513,0.586292,0.620424,0.507446
2m5a_A_1-56,D10,1048,56,1979,68.6,-0.406475,-0.408759,0.156158,0.165818,0.226836,0.234562,0.289468,0.244929,0.252656,0.239903,0.265941,0.251080,0.266492,0.259114,0.278441,0.245828,0.177538,0.183694,0.261551,0.264071,0.448529,0.401753,0.483851,0.367849,0.456709,0.395668,0.462140,0.392057,0.479324,0.367212,0.484891,0.362407,0.433276,0.400404,0.459551,0.404121,0.567545,0.428801,0.575474,0.425172,0.668222,0.505132,0.504540,0.341486
2ldm_A_85-135,D100,968,51,5295,954.7,-0.470120,-0.485821,0.339583,0.397666,0.461994,0.462617,0.560612,0.573790,0.490153,0.481522,0.435546,0.433949,0.497378,0.496992,0.517742,0.523474,0.524604,0.513569,0.453131,0.450754,0.596204,0.574469,0.635222,0.646503,0.591801,0.567216,0.565789,0.543276,0.596481,0.601691,0.604136,0.619918,0.620691,0.611500,0.585661,0.571007,0.649759,0.665589,0.640151,0.623769,0.608389,0.568158,0.655381,0.666081
2j6k_A_2-58_mut9,D10000,979,57,146150,15620.0,-0.487224,-0.517490,0.416251,0.415329,0.478788,0.485037,0.501417,0.492086,0.581008,0.504786,0.568944,0.495613,0.566399,0.493130,0.540958,0.481133,0.522121,0.511637,0.500439,0.467140,0.597436,0.599522,0.613690,0.602036,0.650636,0.589002,0.647454,0.562216,0.688812,0.599472,0.664531,0.598907,0.649704,0.619994,0.648091,0.570239,0.597696,0.507633,0.593791,0.535416,0.588623,0.549430,0.586875,0.538116
1tud_A_49-47,D10000,1053,60,97109,10404.8,-0.511442,-0.488753,0.392087,0.403099,0.516806,0.505288,0.529520,0.515562,0.578207,0.556253,0.557966,0.532596,0.449475,0.487625,0.458938,0.495065,0.551300,0.537791,0.408428,0.417038,0.657940,0.653014,0.667916,0.653388,0.649459,0.659034,0.640012,0.620402,0.640296,0.667829,0.638112,0.653016,0.672560,0.671564,0.605598,0.613025,0.574356,0.495916,0.497497,0.478632,0.619433,0.569163,0.554090,0.508646
1r69_A_1-61,D10000,1127,61,50566,30551.3,-0.577518,-0.574525,0.576624,0.594348,0.684796,0.662126,0.683756,0.661763,0.754003,0.704475,0.712902,0.690290,0.558993,0.552875,0.599840,0.603059,0.667957,0.665572,0.502239,0.487171,0.753195,0.699660,0.752460,0.697552,0.766787,0.720745,0.745290,0.689242,0.718337,0.675121,0.727298,0.676876,0.758182,0.703878,0.716485,0.644137,0.689918,0.678946,0.666386,0.620879,0.727087,0.688317,0.668199,0.620394
5jrt_A_876-934,D100,1116,59,2322,294.6,-0.631061,-0.616079,0.249392,0.269220,0.476828,0.504622,0.560062,0.559211,0.518019,0.522361,0.507266,0.500757,0.561373,0.562589,0.569656,0.565177,0.445853,0.466530,0.413386,0.430281,0.690261,0.665548,0.706569,0.682663,0.693063,0.666685,0.710638,0.671582,0.730396,0.697669,0.720853,0.683570,0.689591,0.667565,0.675790,0.654338,0.763451,0.724003,0.749077,0.642516,0.767146,0.701353,0.707226,0.649910
2jn4_A_1-66,D100,1073,66,789,328.0,-0.282854,-0.268852,0.151830,0.171254,0.205612,0.207993,0.192241,0.199414,0.207351,0.215459,0.197276,0.210948,0.203869,0.195630,0.166704,0.163844,0.251525,0.209980,0.264848,0.236111,0.354196,0.358478,0.339453,0.345960,0.351815,0.347715,0.350277,0.345829,0.346375,0.343484,0.311607,0.312072,0.379422,0.371649,0.393773,0.389158,0.596064,0.584660,0.480789,0.477680,0.418764,0.367355,0.468703,0.444453
1w4g_A_126-169,D10000,668,44,39674,12284.8,-0.527279,-0.564412,0.396738,0.402193,0.423897,0.402936,0.426568,0.389416,0.487119,0.442047,0.404676,0.351504,0.231561,0.194727,0.290899,0.245339,0.383496,0.351877,0.225364,0.178311,0.668199,0.618615,0.666595,0.616080,0.664570,0.607611,0.606238,0.563795,0.633726,0.598070,0.655885,0.606173,0.675125,0.632841,0.604412,0.573416,0.500716,0.506780,0.631107,0.604027,0.586460,0.598824,0.510611,0.469795
2wxc_A_127-170,D1000,786,44,34301,9705.2,-0.596002,-0.540025,0.447959,0.481646,0.428149,0.466878,0.465671,0.500399,0.544193,0.576572,0.578234,0.575299,0.486256,0.461753,0.453818,0.432590,0.506155,0.534812,0.427397,0.454223,0.634139,0.621601,0.647032,0.632154,0.693303,0.656044,0.720315,0.660945,0.719550,0.646541,0.684915,0.628348,0.703653,0.647241,0.701768,0.616157,0.710379,0.668072,0.663163,0.554919,0.680642,0.592523,0.617843,0.518239
6acv_A_29-94,D100,1160,66,613,121.0,-0.502397,-0.482606,0.463839,0.454552,0.503067,0.496237,0.522245,0.512313,0.546657,0.527760,0.491076,0.466133,0.464681,0.480235,0.474396,0.486777,0.370909,0.387179,0.427332,0.451418,0.689370,0.620634,0.701647,0.628130,0.692603,0.609868,0.670850,0.572737,0.673822,0.609241,0.676759,0.604847,0.629884,0.582125,0.654484,0.599343,0.627248,0.588584,0.636838,0.558643,0.509877,0.479044,0.551023,0.509213
2k5h_A_35-96_G57A,D1000,1164,62,2408,1895.7,-0.406329,-0.432539,0.445053,0.448551,0.529305,0.513486,0.523099,0.505623,0.548967,0.539241,0.494657,0.517132,0.464285,0.459609,0.470501,0.459382,0.504049,0.506386,0.435755,0.428516,0.585028,0.589714,0.579941,0.583284,0.578792,0.584777,0.521996,0.541244,0.590277,0.580762,0.577616,0.568597,0.606124,0.592921,0.594889,0.578365,0.568219,0.591440,0.576059,0.635881,0.542519,0.573461,0.564075,0.577655
1aoy_A_7-75,D100,1301,69,595,185.9,-0.542265,-0.550918,0.380975,0.388498,0.444708,0.418486,0.447698,0.422348,0.477026,0.455872,0.472711,0.436537,0.463976,0.406893,0.451988,0.399440,0.450527,0.425936,0.439634,0.414747,0.668487,0.597535,0.663478,0.589560,0.658397,0.601208,0.662556,0.597202,0.692086,0.602877,0.681515,0.595964,0.673339,0.607487,0.669612,0.619483,0.743282,0.636050,0.725472,0.562684,0.776760,0.680447,0.707690,0.618653
1uzc_A_8-70,D1000,1171,63,12552,2009.3,-0.617252,-0.624079,0.650845,0.571059,0.559893,0.468099,0.628961,0.536355,0.645981,0.532686,0.603873,0.517047,0.443200,0.367999,0.490322,0.386538,0.532805,0.545605,0.418861,0.417320,0.753019,0.627769,0.769512,0.649080,0.767496,0.634784,0.761635,0.647793,0.730492,0.643883,0.729705,0.606564,0.752371,0.683361,0.713068,0.668014,0.651352,0.592467,0.708177,0.637539,0.765154,0.675771,0.651413,0.598327
2m8e_A_12-49,D10,646,38,490,88.0,-0.366095,-0.341547,0.335505,0.336846,0.393654,0.368668,0.399843,0.379099,0.438982,0.420194,0.336280,0.355615,0.326958,0.314809,0.344503,0.331779,0.209350,0.188018,0.265275,0.245280,0.537063,0.505067,0.537075,0.511778,0.524623,0.511075,0.458457,0.436574,0.505612,0.485970,0.520111,0.499416,0.434937,0.399118,0.454427,0.420561,0.687602,0.696167,0.606003,0.585708,0.587891,0.518847,0.540470,0.508292