protein_id,mutation_pdb,mutation_fasta,DDG,RSA,secondary_structure,CI,msa_depth_local,msa_depth_total,LOR,WLOR,RSA*LOR,RSA*WLOR
1k1v_A_24-64,LA1A,L1A,1.3592848245836668,40.89,X,0.3525,981,1989,7.19,6.389,4.250009,3.7765378999999997
1k1v_A_24-64,LA1D,L1D,1.681598448269127,40.89,X,0.3525,981,1989,7.19,6.389,4.250009,3.7765378999999997
1k1v_A_24-64,LA1E,L1E,1.8172650751770816,40.89,X,0.3525,981,1989,7.19,6.389,4.250009,3.7765378999999997
1k1v_A_24-64,LA1F,L1F,0.1473600584162506,40.89,X,0.3525,981,1989,7.19,6.389,4.250009,3.7765378999999997
1k1v_A_24-64,LA1G,L1G,1.830711143072418,40.89,X,0.3525,981,1989,7.19,6.389,4.250009,3.7765378999999997
1k1v_A_24-64,LA1H,L1H,1.3175245307582752,40.89,X,0.3525,981,1989,7.19,6.389,4.250009,3.7765378999999997
1k1v_A_24-64,LA1I,L1I,0.0136190215461053,40.89,X,0.3525,981,1989,1.772,-0.03,1.0474291999999998,-0.017733
1k1v_A_24-64,LA1K,L1K,1.341011486928763,40.89,X,0.3525,981,1989,7.19,6.389,4.250009,3.7765378999999997
1k1v_A_24-64,LA1M,L1M,0.4874640972410375,40.89,X,0.3525,981,1989,4.747,4.584,2.8059516999999996,2.7096023999999996
1k1v_A_24-64,LA1N,L1N,1.7721276388500289,40.89,X,0.3525,981,1989,7.19,6.389,4.250009,3.7765378999999997
1k1v_A_24-64,LA1P,L1P,0.628556009582868,40.89,X,0.3525,981,1989,7.19,6.389,4.250009,3.7765378999999997
1k1v_A_24-64,LA1Q,L1Q,1.670830668128741,40.89,X,0.3525,981,1989,7.19,6.389,4.250009,3.7765378999999997
1k1v_A_24-64,LA1R,L1R,1.494759200621544,40.89,X,0.3525,981,1989,7.19,6.389,4.250009,3.7765378999999997
1k1v_A_24-64,LA1S,L1S,1.6850897373121363,40.89,X,0.3525,981,1989,7.19,6.389,4.250009,3.7765378999999997
1k1v_A_24-64,LA1T,L1T,1.2902620415790866,40.89,X,0.3525,981,1989,7.19,6.389,4.250009,3.7765378999999997
1k1v_A_24-64,LA1V,L1V,0.3956407859181543,40.89,X,0.3525,981,1989,7.19,6.389,4.250009,3.7765378999999997
1k1v_A_24-64,LA1W,L1W,0.4156688799870143,40.89,X,0.3525,981,1989,7.19,6.389,4.250009,3.7765378999999997
1k1v_A_24-64,LA1Y,L1Y,0.8212174416629023,40.89,X,0.3525,981,1989,7.19,6.389,4.250009,3.7765378999999997
1k1v_A_24-64,TA2A,T2A,0.8150156294265636,50.31,X,0.6582,1904,1989,4.566,3.327,2.2688454,1.6531863
1k1v_A_24-64,TA2C,T2C,0.9457364546650148,50.31,X,0.6582,1904,1989,4.566,6.361,2.2688454,3.1607809
1k1v_A_24-64,TA2D,T2D,0.9435051913923068,50.31,X,0.6582,1904,1989,2.062,1.398,1.0246077999999998,0.6946662
1k1v_A_24-64,TA2E,T2E,1.0887461977272843,50.31,X,0.6582,1904,1989,3.391,2.353,1.6849879,1.1692057
1k1v_A_24-64,TA2F,T2F,1.3743989840358746,50.31,X,0.6582,1904,1989,6.213,6.531,3.0872397,3.2452539
1k1v_A_24-64,TA2G,T2G,0.7762547497259342,50.31,X,0.6582,1904,1989,4.566,6.025,2.2688454,2.9938225000000003
1k1v_A_24-64,TA2H,T2H,1.1728277130527545,50.31,X,0.6582,1904,1989,5.083,3.795,2.5257427000000003,1.8857355
1k1v_A_24-64,TA2I,T2I,1.326329999453105,50.31,X,0.6582,1904,1989,6.213,6.531,3.0872397,3.2452539
1k1v_A_24-64,TA2K,T2K,0.7633402923358792,50.31,X,0.6582,1904,1989,5.497,3.808,2.7314593,1.8921952
1k1v_A_24-64,TA2L,T2L,0.8983847807036276,50.31,X,0.6582,1904,1989,6.213,6.531,3.0872397,3.2452539
1k1v_A_24-64,TA2M,T2M,1.0184405614278909,50.31,X,0.6582,1904,1989,4.226,6.346,2.0998994,3.1533274000000002
1k1v_A_24-64,TA2N,T2N,0.7080161741889401,50.31,X,0.6582,1904,1989,1.285,1.271,0.6385164999999999,0.6315599
1k1v_A_24-64,TA2P,T2P,1.0644129021161517,50.31,X,0.6582,1904,1989,4.566,3.21,2.2688454,1.595049
1k1v_A_24-64,TA2Q,T2Q,1.02722426964247,50.31,X,0.6582,1904,1989,4.566,2.89,2.2688454,1.4360410000000001
1k1v_A_24-64,TA2R,T2R,0.7678924809273191,50.31,X,0.6582,1904,1989,5.497,6.501,2.7314593,3.2303469000000002
1k1v_A_24-64,TA2S,T2S,-0.0529736921313315,50.31,X,0.6582,1904,1989,-2.029,-0.654,-1.0082100999999999,-0.3249726
1k1v_A_24-64,TA2V,T2V,1.403603835159086,50.31,X,0.6582,1904,1989,6.213,6.531,3.0872397,3.2452539
1k1v_A_24-64,TA2W,T2W,1.3248645079630754,50.31,X,0.6582,1904,1989,6.213,6.531,3.0872397,3.2452539
1k1v_A_24-64,TA2Y,T2Y,1.3953800519588777,50.31,X,0.6582,1904,1989,6.213,6.531,3.0872397,3.2452539
1k1v_A_24-64,DA3A,D3A,1.2169282135399548,31.06,A,0.9409,1923,1989,10.468,9.263,7.2166392,6.3859122
1k1v_A_24-64,DA3C,D3C,0.6134737596209097,31.06,A,0.9409,1923,1989,10.468,9.263,7.2166392,6.3859122
1k1v_A_24-64,DA3E,D3E,1.0502768834738836,31.06,A,0.9409,1923,1989,7.324,4.182,5.0491656,2.8830708000000005
1k1v_A_24-64,DA3F,D3F,1.112144709447726,31.06,A,0.9409,1923,1989,10.468,9.263,7.2166392,6.3859122
1k1v_A_24-64,DA3G,D3G,1.5838692570349855,31.06,A,0.9409,1923,1989,10.468,9.263,7.2166392,6.3859122
1k1v_A_24-64,DA3H,D3H,1.3779458965996596,31.06,A,0.9409,1923,1989,9.752,6.541,6.723028800000001,4.5093654
1k1v_A_24-64,DA3I,D3I,1.0155843948302872,31.06,A,0.9409,1923,1989,10.468,9.263,7.2166392,6.3859122
1k1v_A_24-64,DA3K,D3K,1.755303385784139,31.06,A,0.9409,1923,1989,10.468,9.263,7.2166392,6.3859122
1k1v_A_24-64,DA3L,D3L,0.9363978489867232,31.06,A,0.9409,1923,1989,10.468,9.263,7.2166392,6.3859122
1k1v_A_24-64,DA3M,D3M,1.0461033791127328,31.06,A,0.9409,1923,1989,10.468,9.263,7.2166392,6.3859122
1k1v_A_24-64,DA3N,D3N,0.7395449309379591,31.06,A,0.9409,1923,1989,9.047,6.367,6.237001800000001,4.3894098
1k1v_A_24-64,DA3P,D3P,1.3686694498763368,31.06,A,0.9409,1923,1989,10.468,9.263,7.2166392,6.3859122
1k1v_A_24-64,DA3Q,D3Q,1.4206331266544314,31.06,A,0.9409,1923,1989,10.468,9.263,7.2166392,6.3859122
1k1v_A_24-64,DA3R,D3R,1.6468242432533895,31.06,A,0.9409,1923,1989,10.468,9.263,7.2166392,6.3859122
1k1v_A_24-64,DA3S,D3S,1.3068804852966027,31.06,A,0.9409,1923,1989,10.468,9.263,7.2166392,6.3859122
1k1v_A_24-64,DA3T,D3T,1.4334838373129588,31.06,A,0.9409,1923,1989,9.752,6.541,6.723028800000001,4.5093654
1k1v_A_24-64,DA3V,D3V,1.2543120273752884,31.06,A,0.9409,1923,1989,10.468,9.263,7.2166392,6.3859122
1k1v_A_24-64,DA3W,D3W,0.86487373158965,31.06,A,0.9409,1923,1989,10.468,9.263,7.2166392,6.3859122
1k1v_A_24-64,DA3Y,D3Y,1.214791624760426,31.06,A,0.9409,1923,1989,9.339,6.541,6.438306600000001,4.5093654
1k1v_A_24-64,EA4A,E4A,0.0409983188978619,78.27,A,0.5744,1932,1989,2.738,3.76,0.5949674000000001,0.8170480000000001
1k1v_A_24-64,EA4C,E4C,-0.3164577868783542,78.27,A,0.5744,1932,1989,7.255,7.289,1.5765115000000003,1.5838997000000004
1k1v_A_24-64,EA4D,E4D,0.0195746356065378,78.27,A,0.5744,1932,1989,-0.149,0.698,-0.03237770000000001,0.15167540000000002
1k1v_A_24-64,EA4F,E4F,-0.2174846316945915,78.27,A,0.5744,1932,1989,6.539,5.545,1.4209247000000003,1.2049285000000003
1k1v_A_24-64,EA4G,E4G,0.4498878635827199,78.27,A,0.5744,1932,1989,5.014,4.53,1.0895422000000003,0.9843690000000003
1k1v_A_24-64,EA4H,E4H,-0.3845787873735062,78.27,A,0.5744,1932,1989,4.908,3.856,1.0665084000000002,0.8379088000000001
1k1v_A_24-64,EA4I,E4I,-0.0260132252789069,78.27,A,0.5744,1932,1989,7.255,7.289,1.5765115000000003,1.5838997000000004
1k1v_A_24-64,EA4K,E4K,0.0312264436347071,78.27,A,0.5744,1932,1989,4.207,2.176,0.9141811000000002,0.4728448000000001
1k1v_A_24-64,EA4L,E4L,-0.222528568494134,78.27,A,0.5744,1932,1989,5.608,4.078,1.2186184000000002,0.8861494000000003
1k1v_A_24-64,EA4M,E4M,-0.0868440754110126,78.27,A,0.5744,1932,1989,5.834,4.541,1.2677282000000003,0.9867593000000003
1k1v_A_24-64,EA4N,E4N,0.2071863786300123,78.27,A,0.5744,1932,1989,4.568,2.974,0.9926264000000001,0.6462502000000002
1k1v_A_24-64,EA4P,E4P,1.0951098596980755,78.27,A,0.5744,1932,1989,7.255,7.289,1.5765115000000003,1.5838997000000004
1k1v_A_24-64,EA4Q,E4Q,0.0240371451068266,78.27,A,0.5744,1932,1989,3.831,3.34,0.8324763000000002,0.7257820000000001
1k1v_A_24-64,EA4R,E4R,0.0483340589224126,78.27,A,0.5744,1932,1989,6.125,5.54,1.3309625000000003,1.2038420000000003
1k1v_A_24-64,EA4S,E4S,0.1909370620864348,78.27,A,0.5744,1932,1989,3.429,3.415,0.7451217000000001,0.7420795000000002
1k1v_A_24-64,EA4T,E4T,0.1821760129516347,78.27,A,0.5744,1932,1989,4.724,2.984,1.0265252000000002,0.6484232000000001
1k1v_A_24-64,EA4V,E4V,0.1692748173494496,78.27,A,0.5744,1932,1989,5.424,4.491,1.1786352000000004,0.9758943000000001
1k1v_A_24-64,EA4W,E4W,-0.3633437493179832,78.27,A,0.5744,1932,1989,5.424,4.573,1.1786352000000004,0.9937129000000003
1k1v_A_24-64,EA4Y,E4Y,-0.3488878495962018,78.27,A,0.5744,1932,1989,4.812,3.499,1.0456476000000003,0.7603327000000002
1k1v_A_24-64,EA5A,E5A,0.1646207919194882,49.89,A,0.5214,1945,1989,2.129,3.917,1.0668419,1.9628086999999999
1k1v_A_24-64,EA5C,E5C,-0.2612874796023523,49.89,A,0.5214,1945,1989,7.357,7.634,3.6865927,3.8253974
1k1v_A_24-64,EA5D,E5D,0.088595919833804,49.89,A,0.5214,1945,1989,3.317,1.987,1.6621487000000001,0.9956857
1k1v_A_24-64,EA5F,E5F,0.609423399063882,49.89,A,0.5214,1945,1989,7.357,7.634,3.6865927,3.8253974
1k1v_A_24-64,EA5G,E5G,1.1753571078507827,49.89,A,0.5214,1945,1989,7.357,7.634,3.6865927,3.8253974
1k1v_A_24-64,EA5H,E5H,0.4887444526828841,49.89,A,0.5214,1945,1989,5.526,4.705,2.7690786,2.3576755
1k1v_A_24-64,EA5I,E5I,0.3041680985937665,49.89,A,0.5214,1945,1989,5.936,7.295,2.9745296,3.6555245
1k1v_A_24-64,EA5K,E5K,0.2837224188058447,49.89,A,0.5214,1945,1989,4.826,3.277,2.4183085999999996,1.6421047
1k1v_A_24-64,EA5L,E5L,0.1933054906520741,49.89,A,0.5214,1945,1989,2.637,3.1,1.3214006999999999,1.55341
1k1v_A_24-64,EA5M,E5M,-0.2000816994729191,49.89,A,0.5214,1945,1989,3.899,5.269,1.9537889,2.6402959
1k1v_A_24-64,EA5N,E5N,0.5662410976217638,49.89,A,0.5214,1945,1989,6.228,4.869,3.1208508,2.4398559
1k1v_A_24-64,EA5P,E5P,1.840804746076369,49.89,A,0.5214,1945,1989,7.357,7.634,3.6865927,3.8253974
1k1v_A_24-64,EA5Q,E5Q,-0.3647458288488896,49.89,A,0.5214,1945,1989,0.352,1.722,0.1763872,0.8628942
1k1v_A_24-64,EA5R,E5R,0.1186184661457208,49.89,A,0.5214,1945,1989,6.641,4.911,3.3278051,2.4609020999999998
1k1v_A_24-64,EA5S,E5S,0.7415298182833885,49.89,A,0.5214,1945,1989,5.526,4.513,2.7690786,2.2614643
1k1v_A_24-64,EA5T,E5T,0.6638787690051586,49.89,A,0.5214,1945,1989,5.936,4.093,2.9745296,2.0510023
1k1v_A_24-64,EA5V,E5V,0.2702328407012091,49.89,A,0.5214,1945,1989,4.417,3.777,2.2133586999999997,1.8926547
1k1v_A_24-64,EA5W,E5W,0.5690912066833438,49.89,A,0.5214,1945,1989,7.357,7.634,3.6865927,3.8253974
1k1v_A_24-64,EA5Y,E5Y,0.609099363256143,49.89,A,0.5214,1945,1989,5.71,4.245,2.861281,2.1271695
1k1v_A_24-64,LA6A,L6A,2.5310306726728635,0.43,A,0.8424,1946,1989,10.731,9.583,10.684856700000001,9.5417931
1k1v_A_24-64,LA6C,L6C,2.4762525221596623,0.43,A,0.8424,1946,1989,10.731,9.583,10.684856700000001,9.5417931
1k1v_A_24-64,LA6D,L6D,1.7919928029708727,0.43,A,0.8424,1946,1989,10.731,9.583,10.684856700000001,9.5417931
1k1v_A_24-64,LA6E,L6E,1.5994952083519758,0.43,A,0.8424,1946,1989,10.731,9.583,10.684856700000001,9.5417931
1k1v_A_24-64,LA6F,L6F,1.9509760365920457,0.43,A,0.8424,1946,1989,10.731,9.583,10.684856700000001,9.5417931
1k1v_A_24-64,LA6G,L6G,2.681649096494033,0.43,A,0.8424,1946,1989,10.731,9.583,10.684856700000001,9.5417931
1k1v_A_24-64,LA6H,L6H,1.9835187504129097,0.43,A,0.8424,1946,1989,10.731,9.583,10.684856700000001,9.5417931
1k1v_A_24-64,LA6I,L6I,0.6358690546681298,0.43,A,0.8424,1946,1989,7.542,4.522,7.5095694,4.5025554
1k1v_A_24-64,LA6K,L6K,1.736674496801761,0.43,A,0.8424,1946,1989,10.731,9.583,10.684856700000001,9.5417931
1k1v_A_24-64,LA6M,L6M,1.477623893179432,0.43,A,0.8424,1946,1989,10.731,9.583,10.684856700000001,9.5417931
1k1v_A_24-64,LA6N,L6N,1.8741618435258944,0.43,A,0.8424,1946,1989,10.731,9.583,10.684856700000001,9.5417931
1k1v_A_24-64,LA6Q,L6Q,2.124663048642756,0.43,A,0.8424,1946,1989,10.731,9.583,10.684856700000001,9.5417931
1k1v_A_24-64,LA6R,L6R,2.3235583938083706,0.43,A,0.8424,1946,1989,10.015,9.583,9.9719355,9.5417931
1k1v_A_24-64,LA6S,L6S,2.386137905500308,0.43,A,0.8424,1946,1989,10.731,9.583,10.684856700000001,9.5417931
1k1v_A_24-64,LA6T,L6T,1.951843745941521,0.43,A,0.8424,1946,1989,10.731,9.583,10.684856700000001,9.5417931
1k1v_A_24-64,LA6V,L6V,1.133677342639173,0.43,A,0.8424,1946,1989,9.31,7.236,9.269967000000001,7.2048852
1k1v_A_24-64,LA6W,L6W,2.061698545913203,0.43,A,0.8424,1946,1989,10.731,9.583,10.684856700000001,9.5417931
1k1v_A_24-64,LA6Y,L6Y,1.87309097372693,0.43,A,0.8424,1946,1989,10.731,9.583,10.684856700000001,9.5417931
1k1v_A_24-64,VA7A,V7A,0.0716134127764027,5.41,A,0.7122,1951,1989,4.816,1.496,4.5554543999999995,1.4150664
1k1v_A_24-64,VA7D,V7D,0.946161967680878,5.41,A,0.7122,1951,1989,8.568,6.855,8.104471199999999,6.4841445
1k1v_A_24-64,VA7E,V7E,0.3998911550060546,5.41,A,0.7122,1951,1989,6.037,1.94,5.7103983,1.835046
1k1v_A_24-64,VA7F,V7F,0.1503600867148602,5.41,A,0.7122,1951,1989,8.568,6.855,8.104471199999999,6.4841445
1k1v_A_24-64,VA7G,V7G,0.5184115866913044,5.41,A,0.7122,1951,1989,7.852,6.855,7.4272068,6.4841445
1k1v_A_24-64,VA7H,V7H,0.7503513571776099,5.41,A,0.7122,1951,1989,8.568,6.855,8.104471199999999,6.4841445
1k1v_A_24-64,VA7I,V7I,-0.0970796999378365,5.41,A,0.7122,1951,1989,4.333,0.799,4.0985847,0.7557741
1k1v_A_24-64,VA7K,V7K,0.3150801169031691,5.41,A,0.7122,1951,1989,6.581,2.549,6.2249679,2.4110991
1k1v_A_24-64,VA7L,V7L,-0.1609303782677664,5.41,A,0.7122,1951,1989,5.179,1.606,4.8988161,1.5191154
1k1v_A_24-64,VA7M,V7M,-0.3125768677947658,5.41,A,0.7122,1951,1989,2.682,1.807,2.5369037999999997,1.7092413
1k1v_A_24-64,VA7N,V7N,0.7939825305425008,5.41,A,0.7122,1951,1989,8.568,6.855,8.104471199999999,6.4841445
1k1v_A_24-64,VA7P,V7P,1.5748543181211914,5.41,A,0.7122,1951,1989,8.568,6.855,8.104471199999999,6.4841445
1k1v_A_24-64,VA7Q,V7Q,0.3707577035110407,5.41,A,0.7122,1951,1989,5.572,2.758,5.2705548,2.6087922
1k1v_A_24-64,VA7R,V7R,0.2075826327808254,5.41,A,0.7122,1951,1989,6.736,3.011,6.371582399999999,2.8481049
1k1v_A_24-64,VA7S,V7S,0.3424511522707378,5.41,A,0.7122,1951,1989,6.581,3.466,6.2249679,3.2784894
1k1v_A_24-64,VA7T,V7T,0.4125334749255989,5.41,A,0.7122,1951,1989,4.651,1.865,4.3993809,1.7641034999999998
1k1v_A_24-64,VA7W,V7W,0.5009591260066264,5.41,A,0.7122,1951,1989,8.568,6.855,8.104471199999999,6.4841445
1k1v_A_24-64,VA7Y,V7Y,0.2240206226831111,5.41,A,0.7122,1951,1989,8.568,6.855,8.104471199999999,6.4841445
1k1v_A_24-64,TA8A,T8A,-0.2057445335953822,67.95,A,0.5334,1953,1989,1.96,1.28,0.62818,0.41024
1k1v_A_24-64,TA8D,T8D,0.4965067038346915,67.95,A,0.5334,1953,1989,4.569,2.149,1.4643645,0.6887545
1k1v_A_24-64,TA8E,T8E,0.2197258638136503,67.95,A,0.5334,1953,1989,3.75,0.919,1.201875,0.2945395
1k1v_A_24-64,TA8F,T8F,0.1849967541040151,67.95,A,0.5334,1953,1989,5.975,3.216,1.9149874999999998,1.030728
1k1v_A_24-64,TA8G,T8G,-0.0553735726027069,67.95,A,0.5334,1953,1989,1.524,1.785,0.48844200000000004,0.5720925
1k1v_A_24-64,TA8H,T8H,-0.2616503852151224,67.95,A,0.5334,1953,1989,3.267,1.241,1.0470735,0.39774050000000005
1k1v_A_24-64,TA8I,T8I,0.2711645383999714,67.95,A,0.5334,1953,1989,5.975,5.91,1.9149874999999998,1.894155
1k1v_A_24-64,TA8K,T8K,-0.2793284268106921,67.95,A,0.5334,1953,1989,3.935,0.712,1.2611675,0.22819599999999998
1k1v_A_24-64,TA8L,T8L,0.1192314679607262,67.95,A,0.5334,1953,1989,5.044,2.125,1.6166019999999999,0.6810625
1k1v_A_24-64,TA8M,T8M,-0.0197304156014344,67.95,A,0.5334,1953,1989,4.704,2.91,1.5076319999999999,0.932655
1k1v_A_24-64,TA8N,T8N,-0.3412663778893448,67.95,A,0.5334,1953,1989,2.69,0.247,0.862145,0.0791635
1k1v_A_24-64,TA8P,T8P,1.5824788884483925,67.95,A,0.5334,1953,1989,6.691,5.938,2.1444655,1.9031289999999998
1k1v_A_24-64,TA8Q,T8Q,-0.2052951027438814,67.95,A,0.5334,1953,1989,3.199,1.398,1.0252795,0.448059
1k1v_A_24-64,TA8R,T8R,-0.4569827559063864,67.95,A,0.5334,1953,1989,3.167,1.075,1.0150234999999999,0.3445375
1k1v_A_24-64,TA8S,T8S,-0.2930879379590845,67.95,A,0.5334,1953,1989,-0.824,-0.491,-0.264092,-0.1573655
1k1v_A_24-64,TA8V,T8V,0.256649662254945,67.95,A,0.5334,1953,1989,5.27,2.941,1.6890349999999998,0.9425905
1k1v_A_24-64,TA8W,T8W,0.3654104795692072,67.95,A,0.5334,1953,1989,6.691,5.938,2.1444655,1.9031289999999998
1k1v_A_24-64,TA8Y,T8Y,0.2043037574592601,67.95,A,0.5334,1953,1989,5.975,5.16,1.9149874999999998,1.65378
1k1v_A_24-64,MA9A,M9A,1.2701102103070667,16.42,X,0.6375,1972,1989,6.349,3.325,5.3064942,2.779035
1k1v_A_24-64,MA9D,M9D,1.507156153526507,16.42,X,0.6375,1972,1989,7.996,6.107,6.6830568,5.1042306
1k1v_A_24-64,MA9E,M9E,1.6533934145601004,16.42,X,0.6375,1972,1989,7.996,6.107,6.6830568,5.1042306
1k1v_A_24-64,MA9F,M9F,1.0588991541378892,16.42,X,0.6375,1972,1989,5.553,1.778,4.6411974,1.4860524
1k1v_A_24-64,MA9G,M9G,1.5265334171122555,16.42,X,0.6375,1972,1989,7.996,6.107,6.6830568,5.1042306
1k1v_A_24-64,MA9H,M9H,1.1509543467732155,16.42,X,0.6375,1972,1989,7.996,6.107,6.6830568,5.1042306
1k1v_A_24-64,MA9I,M9I,0.5525056850685375,16.42,X,0.6375,1972,1989,2.808,0.417,2.3469263999999996,0.34852859999999997
1k1v_A_24-64,MA9K,M9K,1.1474352838772772,16.42,X,0.6375,1972,1989,7.28,4.016,6.084624,3.3565728
1k1v_A_24-64,MA9L,M9L,0.353860665844649,16.42,X,0.6375,1972,1989,1.16,-1.93,0.969528,-1.613094
1k1v_A_24-64,MA9N,M9N,1.4947963016754802,16.42,X,0.6375,1972,1989,7.996,6.107,6.6830568,5.1042306
1k1v_A_24-64,MA9P,M9P,1.5068125819309397,16.42,X,0.6375,1972,1989,7.996,6.107,6.6830568,5.1042306
1k1v_A_24-64,MA9Q,M9Q,1.474972191268442,16.42,X,0.6375,1972,1989,7.996,6.107,6.6830568,5.1042306
1k1v_A_24-64,MA9R,M9R,1.3825490001993386,16.42,X,0.6375,1972,1989,7.996,6.107,6.6830568,5.1042306
1k1v_A_24-64,MA9S,M9S,1.3785635158816048,16.42,X,0.6375,1972,1989,7.996,6.107,6.6830568,5.1042306
1k1v_A_24-64,MA9T,M9T,1.412193727347537,16.42,X,0.6375,1972,1989,6.165,2.716,5.152707,2.2700328
1k1v_A_24-64,MA9V,M9V,1.2139752788695033,16.42,X,0.6375,1972,1989,6.575,3.382,5.495385,2.8266756
1k1v_A_24-64,MA9W,M9W,1.1897699592323443,16.42,X,0.6375,1972,1989,7.996,6.107,6.6830568,5.1042306
1k1v_A_24-64,MA9Y,M9Y,1.561413990093488,16.42,X,0.6375,1972,1989,7.996,6.107,6.6830568,5.1042306
1k1v_A_24-64,SA10A,S10A,0.8790573588876036,37.57,X,0.8307,1972,1989,8.205,7.696,5.1223815,4.8046128
1k1v_A_24-64,SA10D,S10D,0.6374792564899239,37.57,X,0.8307,1972,1989,7.094,4.025,4.428784200000001,2.5128075000000005
1k1v_A_24-64,SA10E,S10E,0.989481785804397,37.57,X,0.8307,1972,1989,8.619,5.092,5.3808417,3.1789356
1k1v_A_24-64,SA10F,S10F,1.6288421099526946,37.57,X,0.8307,1972,1989,9.335,7.815,5.8278405000000015,4.878904500000001
1k1v_A_24-64,SA10G,S10G,0.461190447408667,37.57,X,0.8307,1972,1989,7.504,3.695,4.6847472,2.3067885
1k1v_A_24-64,SA10H,S10H,0.7568456769262275,37.57,X,0.8307,1972,1989,9.335,7.815,5.8278405000000015,4.878904500000001
1k1v_A_24-64,SA10I,S10I,1.359729189319809,37.57,X,0.8307,1972,1989,9.335,7.815,5.8278405000000015,4.878904500000001
1k1v_A_24-64,SA10K,S10K,0.7527042591010975,37.57,X,0.8307,1972,1989,7.688,4.025,4.799618400000001,2.5128075000000005
1k1v_A_24-64,SA10L,S10L,1.0513528855368015,37.57,X,0.8307,1972,1989,9.335,7.815,5.8278405000000015,4.878904500000001
1k1v_A_24-64,SA10M,S10M,1.1763305204571295,37.57,X,0.8307,1972,1989,9.335,7.815,5.8278405000000015,4.878904500000001
1k1v_A_24-64,SA10N,S10N,0.3785614673909916,37.57,X,0.8307,1972,1989,8.619,5.092,5.3808417,3.1789356
1k1v_A_24-64,SA10P,S10P,0.6195901978439791,37.57,X,0.8307,1972,1989,4.936,1.637,3.0815448000000005,1.0219791
1k1v_A_24-64,SA10Q,S10Q,1.035474857447111,37.57,X,0.8307,1972,1989,9.335,7.815,5.8278405000000015,4.878904500000001
1k1v_A_24-64,SA10R,S10R,0.8273651452737982,37.57,X,0.8307,1972,1989,6.804,3.323,4.2477372,2.0745489000000004
1k1v_A_24-64,SA10T,S10T,-0.171253725563643,37.57,X,0.8307,1972,1989,4.048,2.256,2.5271664000000005,1.4084208
1k1v_A_24-64,SA10V,S10V,1.3230325057048515,37.57,X,0.8307,1972,1989,9.335,7.815,5.8278405000000015,4.878904500000001
1k1v_A_24-64,SA10W,S10W,2.0407787464414904,37.57,X,0.8307,1972,1989,9.335,7.815,5.8278405000000015,4.878904500000001
1k1v_A_24-64,SA10Y,S10Y,1.5820264529855832,37.57,X,0.8307,1972,1989,9.335,7.815,5.8278405000000015,4.878904500000001
1k1v_A_24-64,VA11A,V11A,0.0496327947039667,55.82,A,0.9299,1975,1989,8.529,4.733,3.7681121999999996,2.0910393999999997
1k1v_A_24-64,VA11D,V11D,-0.1171751266233851,55.82,A,0.9299,1975,1989,10.651,8.666,4.7056118,3.8286388
1k1v_A_24-64,VA11E,V11E,-0.0990517666062347,55.82,A,0.9299,1975,1989,10.651,8.666,4.7056118,3.8286388
1k1v_A_24-64,VA11F,V11F,0.1393568776562728,55.82,A,0.9299,1975,1989,10.651,8.666,4.7056118,3.8286388
1k1v_A_24-64,VA11G,V11G,0.4137244648520344,55.82,A,0.9299,1975,1989,10.651,8.666,4.7056118,3.8286388
1k1v_A_24-64,VA11H,V11H,0.0030187217907042,55.82,A,0.9299,1975,1989,10.651,8.666,4.7056118,3.8286388
1k1v_A_24-64,VA11I,V11I,-0.2170125064616068,55.82,A,0.9299,1975,1989,6.952,2.992,3.0713936,1.3218656
1k1v_A_24-64,VA11K,V11K,-0.3429974686910841,55.82,A,0.9299,1975,1989,10.651,8.666,4.7056118,3.8286388
1k1v_A_24-64,VA11L,V11L,-0.0056217668316453,55.82,A,0.9299,1975,1989,9.004,4.876,3.9779671999999997,2.1542168
1k1v_A_24-64,VA11M,V11M,-0.0565061868279368,55.82,A,0.9299,1975,1989,9.935,6.576,4.389283,2.9052767999999998
1k1v_A_24-64,VA11N,V11N,-0.0860779428505322,55.82,A,0.9299,1975,1989,10.651,8.666,4.7056118,3.8286388
1k1v_A_24-64,VA11P,V11P,0.2124453917768782,55.82,A,0.9299,1975,1989,10.651,8.666,4.7056118,3.8286388
1k1v_A_24-64,VA11Q,V11Q,0.0211227092334596,55.82,A,0.9299,1975,1989,10.651,8.666,4.7056118,3.8286388
1k1v_A_24-64,VA11R,V11R,-0.506092888832046,55.82,A,0.9299,1975,1989,10.651,8.666,4.7056118,3.8286388
1k1v_A_24-64,VA11S,V11S,0.1033748579834425,55.82,A,0.9299,1975,1989,9.935,5.943,4.389283,2.6256173999999994
1k1v_A_24-64,VA11T,V11T,0.0457317650920747,55.82,A,0.9299,1975,1989,8.039,3.751,3.5516301999999995,1.6571917999999999
1k1v_A_24-64,VA11W,V11W,-0.7710705820592523,55.82,A,0.9299,1975,1989,10.651,8.666,4.7056118,3.8286388
1k1v_A_24-64,VA11Y,V11Y,-0.1123900312551811,55.82,A,0.9299,1975,1989,10.651,8.666,4.7056118,3.8286388
1k1v_A_24-64,RA12A,R12A,-0.0724161638011691,85.9,A,0.7881,1976,1989,10.123,7.708,1.427342999999999,1.0868279999999992
1k1v_A_24-64,RA12C,R12C,-0.2358514151027506,85.9,A,0.7881,1976,1989,10.123,7.708,1.427342999999999,1.0868279999999992
1k1v_A_24-64,RA12D,R12D,0.1407882754538028,85.9,A,0.7881,1976,1989,10.123,7.708,1.427342999999999,1.0868279999999992
1k1v_A_24-64,RA12E,R12E,-0.0916842461973224,85.9,A,0.7881,1976,1989,10.123,7.708,1.427342999999999,1.0868279999999992
1k1v_A_24-64,RA12F,R12F,0.0854740869795287,85.9,A,0.7881,1976,1989,10.123,7.708,1.427342999999999,1.0868279999999992
1k1v_A_24-64,RA12G,R12G,0.3228134027527034,85.9,A,0.7881,1976,1989,8.994,4.319,1.2681539999999991,0.6089789999999996
1k1v_A_24-64,RA12H,R12H,-0.0364602284717616,85.9,A,0.7881,1976,1989,10.123,7.708,1.427342999999999,1.0868279999999992
1k1v_A_24-64,RA12I,R12I,0.2767004639649006,85.9,A,0.7881,1976,1989,10.123,7.708,1.427342999999999,1.0868279999999992
1k1v_A_24-64,RA12K,R12K,-0.1196900469505841,85.9,A,0.7881,1976,1989,5.558,0.798,0.7836779999999994,0.11251799999999992
1k1v_A_24-64,RA12L,R12L,0.1744189356455674,85.9,A,0.7881,1976,1989,9.407,6.69,1.326386999999999,0.9432899999999994
1k1v_A_24-64,RA12M,R12M,0.0990918664254267,85.9,A,0.7881,1976,1989,10.123,7.708,1.427342999999999,1.0868279999999992
1k1v_A_24-64,RA12N,R12N,0.1633706880662413,85.9,A,0.7881,1976,1989,10.123,7.708,1.427342999999999,1.0868279999999992
1k1v_A_24-64,RA12P,R12P,0.4297698570535786,85.9,A,0.7881,1976,1989,8.136,3.403,1.147175999999999,0.47982299999999967
1k1v_A_24-64,RA12Q,R12Q,-0.0938878763759545,85.9,A,0.7881,1976,1989,6.891,2.626,0.9716309999999994,0.3702659999999997
1k1v_A_24-64,RA12S,R12S,0.055208304986561,85.9,A,0.7881,1976,1989,9.407,7.173,1.326386999999999,1.0113929999999993
1k1v_A_24-64,RA12T,R12T,0.0922156426748954,85.9,A,0.7881,1976,1989,9.407,4.985,1.326386999999999,0.7028849999999995
1k1v_A_24-64,RA12V,R12V,0.1812647038453207,85.9,A,0.7881,1976,1989,9.407,4.985,1.326386999999999,0.7028849999999995
1k1v_A_24-64,RA12W,R12W,-0.0488839439303021,85.9,A,0.7881,1976,1989,8.994,7.381,1.2681539999999991,1.0407209999999993
1k1v_A_24-64,RA12Y,R12Y,0.0195838410712487,85.9,A,0.7881,1976,1989,10.123,7.708,1.427342999999999,1.0868279999999992
1k1v_A_24-64,EA13A,E13A,0.1525401762834772,52.19,A,0.8167,1976,1989,7.91,4.504,3.781771,2.1533624
1k1v_A_24-64,EA13D,E13D,0.2541753074559763,52.19,A,0.8167,1976,1989,3.699,1.117,1.7684919,0.5340377
1k1v_A_24-64,EA13F,E13F,1.1927416377011275,52.19,A,0.8167,1976,1989,9.331,7.918,4.4611510999999995,3.7855958
1k1v_A_24-64,EA13G,E13G,1.1882175767238654,52.19,A,0.8167,1976,1989,9.331,7.918,4.4611510999999995,3.7855958
1k1v_A_24-64,EA13H,E13H,0.5542740035122955,52.19,A,0.8167,1976,1989,8.615,7.621,4.1188315,3.6436001
1k1v_A_24-64,EA13I,E13I,0.5523117872941383,52.19,A,0.8167,1976,1989,9.331,7.918,4.4611510999999995,3.7855958
1k1v_A_24-64,EA13K,E13K,0.2390820926304244,52.19,A,0.8167,1976,1989,8.615,5.195,4.1188315,2.4837295
1k1v_A_24-64,EA13L,E13L,0.4318358374869846,52.19,A,0.8167,1976,1989,7.91,5.195,3.781771,2.4837295
1k1v_A_24-64,EA13M,E13M,0.2730787149269418,52.19,A,0.8167,1976,1989,9.331,7.918,4.4611510999999995,3.7855958
1k1v_A_24-64,EA13N,E13N,0.7737766093897358,52.19,A,0.8167,1976,1989,8.615,5.195,4.1188315,2.4837295
1k1v_A_24-64,EA13P,E13P,2.523356675953749,52.19,A,0.8167,1976,1989,9.331,7.918,4.4611510999999995,3.7855958
1k1v_A_24-64,EA13Q,E13Q,0.0049896542605247,52.19,A,0.8167,1976,1989,5.605,2.847,2.6797505,1.3611506999999998
1k1v_A_24-64,EA13R,E13R,0.3606535116690186,52.19,A,0.8167,1976,1989,9.331,7.918,4.4611510999999995,3.7855958
1k1v_A_24-64,EA13S,E13S,0.6534377078017051,52.19,A,0.8167,1976,1989,8.615,7.918,4.1188315,3.7855958
1k1v_A_24-64,EA13T,E13T,0.4617387511920652,52.19,A,0.8167,1976,1989,9.331,7.918,4.4611510999999995,3.7855958
1k1v_A_24-64,EA13V,E13V,0.3942747677145941,52.19,A,0.8167,1976,1989,9.331,7.918,4.4611510999999995,3.7855958
1k1v_A_24-64,EA13W,E13W,0.989188135099488,52.19,A,0.8167,1976,1989,9.331,7.918,4.4611510999999995,3.7855958
1k1v_A_24-64,EA13Y,E13Y,1.1841289282104177,52.19,A,0.8167,1976,1989,9.331,7.918,4.4611510999999995,3.7855958
1k1v_A_24-64,LA14A,L14A,1.8817816106723693,2.83,A,0.8655,1977,1989,11.542,10.303,11.215361399999999,10.0114251
1k1v_A_24-64,LA14D,L14D,1.840573880290548,2.83,A,0.8655,1977,1989,11.542,10.303,11.215361399999999,10.0114251
1k1v_A_24-64,LA14E,L14E,1.806857435392874,2.83,A,0.8655,1977,1989,11.542,10.303,11.215361399999999,10.0114251
1k1v_A_24-64,LA14F,L14F,-0.83194990045273,2.83,A,0.8655,1977,1989,10.413,6.914,10.1183121,6.7183338
1k1v_A_24-64,LA14G,L14G,1.904438913556894,2.83,A,0.8655,1977,1989,11.542,10.303,11.215361399999999,10.0114251
1k1v_A_24-64,LA14H,L14H,1.8626365908622653,2.83,A,0.8655,1977,1989,11.542,10.303,11.215361399999999,10.0114251
1k1v_A_24-64,LA14I,L14I,0.5791288688045304,2.83,A,0.8655,1977,1989,9.711,6.728,9.436178700000001,6.5375976
1k1v_A_24-64,LA14K,L14K,1.8290143898022948,2.83,A,0.8655,1977,1989,11.542,10.303,11.215361399999999,10.0114251
1k1v_A_24-64,LA14M,L14M,0.6573296383121559,2.83,A,0.8655,1977,1989,11.542,10.303,11.215361399999999,10.0114251
1k1v_A_24-64,LA14N,L14N,1.9695400176050324,2.83,A,0.8655,1977,1989,11.542,10.303,11.215361399999999,10.0114251
1k1v_A_24-64,LA14P,L14P,1.9232596235682624,2.83,A,0.8655,1977,1989,11.542,10.303,11.215361399999999,10.0114251
1k1v_A_24-64,LA14Q,L14Q,1.792735398374299,2.83,A,0.8655,1977,1989,11.542,10.303,11.215361399999999,10.0114251
1k1v_A_24-64,LA14R,L14R,2.196183805400892,2.83,A,0.8655,1977,1989,11.542,10.303,11.215361399999999,10.0114251
1k1v_A_24-64,LA14S,L14S,1.925791909755303,2.83,A,0.8655,1977,1989,11.542,10.303,11.215361399999999,10.0114251
1k1v_A_24-64,LA14T,L14T,1.8645951180022504,2.83,A,0.8655,1977,1989,11.542,10.303,11.215361399999999,10.0114251
1k1v_A_24-64,LA14V,L14V,1.0217553554760053,2.83,A,0.8655,1977,1989,10.413,7.58,10.1183121,7.365486
1k1v_A_24-64,LA14W,L14W,-0.0257187117703512,2.83,A,0.8655,1977,1989,11.542,10.303,11.215361399999999,10.0114251
1k1v_A_24-64,LA14Y,L14Y,0.6126561913170352,2.83,A,0.8655,1977,1989,11.542,10.303,11.215361399999999,10.0114251
1k1v_A_24-64,NA15A,N15A,-0.1050064521937583,40.5,A,0.976,1980,1989,11.801,10.947,7.021595,6.513464999999999
1k1v_A_24-64,NA15C,N15C,-0.3742169366648933,40.5,A,0.976,1980,1989,11.801,10.947,7.021595,6.513464999999999
1k1v_A_24-64,NA15D,N15D,0.2796782023679365,40.5,A,0.976,1980,1989,11.801,10.947,7.021595,6.513464999999999
1k1v_A_24-64,NA15E,N15E,-0.0427497339764593,40.5,A,0.976,1980,1989,11.801,10.947,7.021595,6.513464999999999
1k1v_A_24-64,NA15F,N15F,-0.0847920010255869,40.5,A,0.976,1980,1989,11.801,10.947,7.021595,6.513464999999999
1k1v_A_24-64,NA15G,N15G,0.3846558685264878,40.5,A,0.976,1980,1989,11.801,10.947,7.021595,6.513464999999999
1k1v_A_24-64,NA15H,N15H,0.0082474332604323,40.5,A,0.976,1980,1989,11.801,10.947,7.021595,6.513464999999999
1k1v_A_24-64,NA15I,N15I,-0.2824444010022815,40.5,A,0.976,1980,1989,11.801,10.947,7.021595,6.513464999999999
1k1v_A_24-64,NA15K,N15K,-0.3052465160978688,40.5,A,0.976,1980,1989,11.801,10.947,7.021595,6.513464999999999
1k1v_A_24-64,NA15L,N15L,-0.2868597315197636,40.5,A,0.976,1980,1989,11.801,10.947,7.021595,6.513464999999999
1k1v_A_24-64,NA15M,N15M,-0.3060625694461443,40.5,A,0.976,1980,1989,11.801,10.947,7.021595,6.513464999999999
1k1v_A_24-64,NA15P,N15P,1.6486165302643996,40.5,A,0.976,1980,1989,11.801,10.947,7.021595,6.513464999999999
1k1v_A_24-64,NA15Q,N15Q,-0.0557336318197734,40.5,A,0.976,1980,1989,11.801,10.947,7.021595,6.513464999999999
1k1v_A_24-64,NA15R,N15R,-0.5225425006351676,40.5,A,0.976,1980,1989,11.801,10.947,7.021595,6.513464999999999
1k1v_A_24-64,NA15S,N15S,0.1013872374736906,40.5,A,0.976,1980,1989,10.38,8.199,6.1761,4.878405
1k1v_A_24-64,NA15T,N15T,0.0710064198101259,40.5,A,0.976,1980,1989,11.801,10.947,7.021595,6.513464999999999
1k1v_A_24-64,NA15V,N15V,-0.1266117609692783,40.5,A,0.976,1980,1989,11.801,10.947,7.021595,6.513464999999999
1k1v_A_24-64,NA15W,N15W,-0.2662513308591099,40.5,A,0.976,1980,1989,11.801,10.947,7.021595,6.513464999999999
1k1v_A_24-64,NA15Y,N15Y,-0.304447861411262,40.5,A,0.976,1980,1989,11.801,10.947,7.021595,6.513464999999999
1k1v_A_24-64,QA16A,Q16A,-0.1376356035210904,70.56,A,0.4609,1981,1989,4.465,1.648,1.3144959999999999,0.48517119999999997
1k1v_A_24-64,QA16C,Q16C,-0.4664950521902797,70.56,A,0.4609,1981,1989,5.871,2.925,1.7284224000000001,0.8611199999999999
1k1v_A_24-64,QA16D,Q16D,0.0523125866843066,70.56,A,0.4609,1981,1989,5.457,2.259,1.6065407999999999,0.6650495999999999
1k1v_A_24-64,QA16E,Q16E,-0.1017972921446142,70.56,A,0.4609,1981,1989,5.871,2.925,1.7284224000000001,0.8611199999999999
1k1v_A_24-64,QA16F,Q16F,-0.1433216376237913,70.56,A,0.4609,1981,1989,6.587,5.648,1.9392128,1.6627712
1k1v_A_24-64,QA16G,Q16G,0.4295808397630796,70.56,A,0.4609,1981,1989,6.587,5.648,1.9392128,1.6627712
1k1v_A_24-64,QA16H,Q16H,0.0586885989009626,70.56,A,0.4609,1981,1989,2.32,2.116,0.683008,0.6229504
1k1v_A_24-64,QA16I,Q16I,-0.1440339500201517,70.56,A,0.4609,1981,1989,6.587,5.648,1.9392128,1.6627712
1k1v_A_24-64,QA16K,Q16K,-0.2876071324986657,70.56,A,0.4609,1981,1989,0.959,-1.168,0.28232959999999996,-0.3438592
1k1v_A_24-64,QA16L,Q16L,-0.2020482966230234,70.56,A,0.4609,1981,1989,2.472,1.311,0.7277568,0.3859584
1k1v_A_24-64,QA16M,Q16M,-0.1726304816119332,70.56,A,0.4609,1981,1989,4.755,2.773,1.399872,0.8163712000000001
1k1v_A_24-64,QA16N,Q16N,-0.0687697651897494,70.56,A,0.4609,1981,1989,4.755,2.181,1.399872,0.6420864000000001
1k1v_A_24-64,QA16P,Q16P,1.1812085387715576,70.56,A,0.4609,1981,1989,6.587,5.648,1.9392128,1.6627712
1k1v_A_24-64,QA16R,Q16R,-0.2947418822197827,70.56,A,0.4609,1981,1989,-1.181,-1.422,-0.3476864,-0.4186368
1k1v_A_24-64,QA16S,Q16S,0.1174136161649643,70.56,A,0.4609,1981,1989,5.165,2.39,1.520576,0.703616
1k1v_A_24-64,QA16T,Q16T,0.179579929658513,70.56,A,0.4609,1981,1989,3.443,0.961,1.0136192,0.28291839999999996
1k1v_A_24-64,QA16V,Q16V,-0.0054331849243332,70.56,A,0.4609,1981,1989,5.165,2.925,1.520576,0.8611199999999999
1k1v_A_24-64,QA16W,Q16W,-0.0094266162625376,70.56,A,0.4609,1981,1989,6.587,5.648,1.9392128,1.6627712
1k1v_A_24-64,QA16Y,Q16Y,-0.0798187848250071,70.56,A,0.4609,1981,1989,6.587,5.648,1.9392128,1.6627712
1k1v_A_24-64,HA17A,H17A,-0.1203887392690283,50.05,A,0.5134,1986,1989,6.643,2.338,3.3181785,1.167831
1k1v_A_24-64,HA17D,H17D,1.94675101624306,50.05,A,0.5134,1986,1989,7.359,5.061,3.6758205000000004,2.5279695
1k1v_A_24-64,HA17E,H17E,1.177628560282879,50.05,A,0.5134,1986,1989,5.528,2.179,2.7612360000000002,1.0884105
1k1v_A_24-64,HA17F,H17F,-0.4237721728325256,50.05,A,0.5134,1986,1989,5.938,1.452,2.966031,0.7252740000000001
1k1v_A_24-64,HA17G,H17G,1.345974159909236,50.05,A,0.5134,1986,1989,7.359,5.061,3.6758205000000004,2.5279695
1k1v_A_24-64,HA17I,H17I,-0.1692405561464611,50.05,A,0.5134,1986,1989,4.673,0.802,2.3341635000000003,0.4005990000000001
1k1v_A_24-64,HA17K,H17K,-0.0178202070395716,50.05,A,0.5134,1986,1989,3.158,-0.934,1.5774210000000002,-0.4665330000000001
1k1v_A_24-64,HA17L,H17L,-0.2459601959122128,50.05,A,0.5134,1986,1989,2.67,-1.03,1.333665,-0.5144850000000001
1k1v_A_24-64,HA17M,H17M,0.0103524607014138,50.05,A,0.5134,1986,1989,6.23,2.263,3.1118850000000005,1.1303685
1k1v_A_24-64,HA17N,H17N,0.6259876947249028,50.05,A,0.5134,1986,1989,4.086,2.195,2.0409570000000006,1.0964025
1k1v_A_24-64,HA17P,H17P,1.953641838113519,50.05,A,0.5134,1986,1989,6.643,4.235,3.3181785,2.1153825000000004
1k1v_A_24-64,HA17Q,H17Q,0.5672690993290574,50.05,A,0.5134,1986,1989,0.595,0.147,0.29720250000000004,0.0734265
1k1v_A_24-64,HA17R,H17R,-0.3197792361215015,50.05,A,0.5134,1986,1989,1.514,-2.037,0.7562430000000001,-1.0174815000000001
1k1v_A_24-64,HA17S,H17S,0.6565498885837027,50.05,A,0.5134,1986,1989,5.938,2.12,2.966031,1.0589400000000002
1k1v_A_24-64,HA17T,H17T,0.5709006848425273,50.05,A,0.5134,1986,1989,3.804,3.53,1.900098,1.763235
1k1v_A_24-64,HA17V,H17V,-0.0006942558335123,50.05,A,0.5134,1986,1989,5.238,0.863,2.6163810000000005,0.4310685
1k1v_A_24-64,HA17W,H17W,-0.1329606643751826,50.05,A,0.5134,1986,1989,6.643,4.816,3.3181785,2.4055920000000004
1k1v_A_24-64,HA17Y,H17Y,-0.5198456866956196,50.05,A,0.5134,1986,1989,5.938,1.67,2.966031,0.834165
1k1v_A_24-64,LA18A,L18A,0.7144183466591378,1.87,X,0.8578,1988,1989,9.796,6.514,9.612814799999999,6.3921882
1k1v_A_24-64,LA18C,L18C,0.0183381599300866,1.87,X,0.8578,1988,1989,10.088,6.127,9.899354399999998,6.0124251
1k1v_A_24-64,LA18D,L18D,1.8187580446964875,1.87,X,0.8578,1988,1989,11.217,9.236,11.0072421,9.0632868
1k1v_A_24-64,LA18E,L18E,1.702902057030976,1.87,X,0.8578,1988,1989,11.217,9.236,11.0072421,9.0632868
1k1v_A_24-64,LA18F,L18F,-0.2917106568367731,1.87,X,0.8578,1988,1989,9.57,5.446,9.391041,5.3441598
1k1v_A_24-64,LA18G,L18G,1.22412623817568,1.87,X,0.8578,1988,1989,11.217,9.236,11.0072421,9.0632868
1k1v_A_24-64,LA18H,L18H,1.588434139832866,1.87,X,0.8578,1988,1989,11.217,9.236,11.0072421,9.0632868
1k1v_A_24-64,LA18I,L18I,0.0765355936998739,1.87,X,0.8578,1988,1989,8.976,4.93,8.8081488,4.837808999999999
1k1v_A_24-64,LA18K,L18K,1.4665217802226105,1.87,X,0.8578,1988,1989,11.217,9.236,11.0072421,9.0632868
1k1v_A_24-64,LA18M,L18M,-0.2133147493898595,1.87,X,0.8578,1988,1989,9.23,5.158,9.057399,5.0615454
1k1v_A_24-64,LA18N,L18N,1.3178638412786985,1.87,X,0.8578,1988,1989,11.217,9.236,11.0072421,9.0632868
1k1v_A_24-64,LA18P,L18P,1.9959345403407984,1.87,X,0.8578,1988,1989,11.217,9.236,11.0072421,9.0632868
1k1v_A_24-64,LA18Q,L18Q,1.3904833681215156,1.87,X,0.8578,1988,1989,11.217,9.236,11.0072421,9.0632868
1k1v_A_24-64,LA18R,L18R,1.6435483539215734,1.87,X,0.8578,1988,1989,11.217,9.236,11.0072421,9.0632868
1k1v_A_24-64,LA18S,L18S,0.8301229924657252,1.87,X,0.8578,1988,1989,11.217,9.236,11.0072421,9.0632868
1k1v_A_24-64,LA18T,L18T,0.4089665813790806,1.87,X,0.8578,1988,1989,10.501,6.514,10.304631299999999,6.3921882
1k1v_A_24-64,LA18V,L18V,0.3257666097646308,1.87,X,0.8578,1988,1989,8.686,4.536,8.5235718,4.451176799999999
1k1v_A_24-64,LA18W,L18W,0.5341901385376102,1.87,X,0.8578,1988,1989,11.217,9.236,11.0072421,9.0632868
1k1v_A_24-64,LA18Y,L18Y,0.1224941077578047,1.87,X,0.8578,1988,1989,11.217,9.236,11.0072421,9.0632868
1k1v_A_24-64,RA19A,R19A,0.0767697849551976,82.77,X,0.6812,1988,1989,7.254,3.82,1.2498642,0.658186
1k1v_A_24-64,RA19C,R19C,0.5014041245610816,82.77,X,0.6812,1988,1989,8.369,4.41,1.4419787,0.759843
1k1v_A_24-64,RA19D,R19D,0.4885149232525019,82.77,X,0.6812,1988,1989,9.085,7.133,1.5653455000000003,1.2290159
1k1v_A_24-64,RA19E,R19E,0.2066717256314127,82.77,X,0.6812,1988,1989,9.085,7.133,1.5653455000000003,1.2290159
1k1v_A_24-64,RA19F,R19F,0.3337283195682388,82.77,X,0.6812,1988,1989,9.085,7.133,1.5653455000000003,1.2290159
1k1v_A_24-64,RA19G,R19G,0.5092253861765053,82.77,X,0.6812,1988,1989,7.956,4.41,1.3708188000000001,0.759843
1k1v_A_24-64,RA19H,R19H,0.2696464932172526,82.77,X,0.6812,1988,1989,3.786,1.62,0.6523278,0.27912600000000004
1k1v_A_24-64,RA19I,R19I,0.0514456209731097,82.77,X,0.6812,1988,1989,8.369,4.41,1.4419787,0.759843
1k1v_A_24-64,RA19K,R19K,-0.1858255832824293,82.77,X,0.6812,1988,1989,4.473,0.325,0.7706979,0.055997500000000006
1k1v_A_24-64,RA19L,R19L,0.1013243671646959,82.77,X,0.6812,1988,1989,8.369,7.108,1.4419787,1.2247084
1k1v_A_24-64,RA19M,R19M,0.0238788986887827,82.77,X,0.6812,1988,1989,7.098,4.55,1.2229854,0.783965
1k1v_A_24-64,RA19N,R19N,0.2317277294872419,82.77,X,0.6812,1988,1989,6.642,3.303,1.1444166000000002,0.5691069
1k1v_A_24-64,RA19P,R19P,1.2122543962968146,82.77,X,0.6812,1988,1989,9.085,7.133,1.5653455000000003,1.2290159
1k1v_A_24-64,RA19Q,R19Q,0.0505663333474337,82.77,X,0.6812,1988,1989,4.758,1.567,0.8198034000000001,0.2699941
1k1v_A_24-64,RA19S,R19S,0.1937782148076441,82.77,X,0.6812,1988,1989,7.664,3.343,1.3205072,0.5759989
1k1v_A_24-64,RA19T,R19T,0.3028961020158738,82.77,X,0.6812,1988,1989,9.085,7.133,1.5653455000000003,1.2290159
1k1v_A_24-64,RA19V,R19V,0.0224897254148819,82.77,X,0.6812,1988,1989,7.956,4.284,1.3708188000000001,0.7381332
1k1v_A_24-64,RA19W,R19W,0.5302969733215688,82.77,X,0.6812,1988,1989,8.369,4.41,1.4419787,0.759843
1k1v_A_24-64,RA19Y,R19Y,0.3650871202298384,82.77,X,0.6812,1988,1989,9.085,7.133,1.5653455000000003,1.2290159
1k1v_A_24-64,GA20A,G20A,0.5001924547865912,100.17,X,0.9367,1987,1989,9.329,5.52,0.0,0.0
1k1v_A_24-64,GA20C,G20C,0.4354888344254377,100.17,X,0.9367,1987,1989,9.329,5.308,0.0,0.0
1k1v_A_24-64,GA20D,G20D,0.5371789366141824,100.17,X,0.9367,1987,1989,7.928,3.75,0.0,0.0
1k1v_A_24-64,GA20E,G20E,0.6747809413701078,100.17,X,0.9367,1987,1989,9.038,4.853,0.0,0.0
1k1v_A_24-64,GA20F,G20F,0.1195124644549019,100.17,X,0.9367,1987,1989,9.329,5.52,0.0,0.0
1k1v_A_24-64,GA20H,G20H,0.1266635722192739,100.17,X,0.9367,1987,1989,8.016,4.103,0.0,0.0
1k1v_A_24-64,GA20I,G20I,0.670511562969883,100.17,X,0.9367,1987,1989,9.743,6.499,0.0,0.0
1k1v_A_24-64,GA20K,G20K,0.1396451037837218,100.17,X,0.9367,1987,1989,9.038,4.453,0.0,0.0
1k1v_A_24-64,GA20L,G20L,0.2071212189206277,100.17,X,0.9367,1987,1989,10.459,8.243,0.0,0.0
1k1v_A_24-64,GA20M,G20M,0.4026895053342878,100.17,X,0.9367,1987,1989,10.459,8.243,0.0,0.0
1k1v_A_24-64,GA20N,G20N,0.1136726489621322,100.17,X,0.9367,1987,1989,7.07,2.909,0.0,0.0
1k1v_A_24-64,GA20P,G20P,1.193524399427892,100.17,X,0.9367,1987,1989,9.329,5.438,0.0,0.0
1k1v_A_24-64,GA20Q,G20Q,0.4980794845253677,100.17,X,0.9367,1987,1989,9.743,5.52,0.0,0.0
1k1v_A_24-64,GA20R,G20R,0.1891120463046225,100.17,X,0.9367,1987,1989,8.472,4.164,0.0,0.0
1k1v_A_24-64,GA20S,G20S,0.2716406231549775,100.17,X,0.9367,1987,1989,7.518,3.415,0.0,0.0
1k1v_A_24-64,GA20T,G20T,0.1739381847925027,100.17,X,0.9367,1987,1989,9.038,4.634,0.0,0.0
1k1v_A_24-64,GA20V,G20V,0.7040476889141636,100.17,X,0.9367,1987,1989,10.459,8.243,0.0,0.0
1k1v_A_24-64,GA20W,G20W,0.2568524615568821,100.17,X,0.9367,1987,1989,9.743,8.218,0.0,0.0
1k1v_A_24-64,GA20Y,G20Y,0.1854918677562167,100.17,X,0.9367,1987,1989,9.329,5.133,0.0,0.0
1k1v_A_24-64,LA21A,L21A,0.4259456324200541,31.32,X,0.4676,1986,1989,5.985,4.413,4.110498000000001,3.0308484000000004
1k1v_A_24-64,LA21D,L21D,1.8568368292548063,31.32,X,0.4676,1986,1989,7.632,7.804,5.241657600000001,5.3597872
1k1v_A_24-64,LA21E,L21E,1.6811034047809683,31.32,X,0.4676,1986,1989,7.632,7.804,5.241657600000001,5.3597872
1k1v_A_24-64,LA21F,L21F,0.3161453911633238,31.32,X,0.4676,1986,1989,1.485,2.897,1.0198980000000002,1.9896596000000002
1k1v_A_24-64,LA21G,L21G,1.5642797708890157,31.32,X,0.4676,1986,1989,7.632,7.804,5.241657600000001,5.3597872
1k1v_A_24-64,LA21H,L21H,0.4884641359985462,31.32,X,0.4676,1986,1989,4.691,4.127,3.2217788,2.8344236
1k1v_A_24-64,LA21I,L21I,0.8890527647990187,31.32,X,0.4676,1986,1989,4.945,3.647,3.3962260000000004,2.5047596000000003
1k1v_A_24-64,LA21K,L21K,-0.1546309193608013,31.32,X,0.4676,1986,1989,5.801,4.223,3.9841268000000007,2.9003564
1k1v_A_24-64,LA21M,L21M,-0.0614646320458343,31.32,X,0.4676,1986,1989,3.536,2.61,2.4285248000000004,1.792548
1k1v_A_24-64,LA21N,L21N,1.3411462208058282,31.32,X,0.4676,1986,1989,7.632,7.804,5.241657600000001,5.3597872
1k1v_A_24-64,LA21P,L21P,2.205162127974168,31.32,X,0.4676,1986,1989,7.632,7.804,5.241657600000001,5.3597872
1k1v_A_24-64,LA21Q,L21Q,0.8489088769889044,31.32,X,0.4676,1986,1989,4.443,3.236,3.0514524,2.2224848000000006
1k1v_A_24-64,LA21R,L21R,0.0726695602989875,31.32,X,0.4676,1986,1989,6.916,6.06,4.749908800000001,4.162008
1k1v_A_24-64,LA21S,L21S,0.8384924713907538,31.32,X,0.4676,1986,1989,6.916,7.707,4.749908800000001,5.2931676
1k1v_A_24-64,LA21T,L21T,1.2339691723811848,31.32,X,0.4676,1986,1989,6.916,6.923,4.749908800000001,4.7547164
1k1v_A_24-64,LA21V,L21V,0.8509727280609165,31.32,X,0.4676,1986,1989,1.731,2.546,1.1888508000000002,1.7485928000000002
1k1v_A_24-64,LA21W,L21W,0.480419745649187,31.32,X,0.4676,1986,1989,6.916,5.081,4.749908800000001,3.4896308000000005
1k1v_A_24-64,LA21Y,L21Y,0.3289045259507537,31.32,X,0.4676,1986,1989,3.807,3.083,2.6146476,2.1174044000000003
1k1v_A_24-64,SA22A,S22A,0.2666421373371486,53.24,X,0.5785,1986,1989,5.753,3.707,2.6901028,1.7333932
1k1v_A_24-64,SA22C,S22C,0.5418148186631564,53.24,X,0.5785,1986,1989,5.499,5.717,2.5713323999999997,2.6732692
1k1v_A_24-64,SA22D,S22D,0.4310332516625981,53.24,X,0.5785,1986,1989,4.096,2.282,1.9152896000000001,1.0670632
1k1v_A_24-64,SA22E,S22E,0.5252390425334108,53.24,X,0.5785,1986,1989,6.319,3.204,2.9547644,1.4981904000000001
1k1v_A_24-64,SA22F,S22F,1.139296083090085,53.24,X,0.5785,1986,1989,7.74,6.601,3.6192240000000004,3.0866276
1k1v_A_24-64,SA22G,S22G,0.2798446062493893,53.24,X,0.5785,1986,1989,2.979,3.109,1.3929804000000001,1.4537684
1k1v_A_24-64,SA22H,S22H,0.7094613414384687,53.24,X,0.5785,1986,1989,6.319,3.212,2.9547644,1.5019312000000002
1k1v_A_24-64,SA22I,S22I,1.0131502697214252,53.24,X,0.5785,1986,1989,7.74,6.601,3.6192240000000004,3.0866276
1k1v_A_24-64,SA22K,S22K,0.280879112072155,53.24,X,0.5785,1986,1989,5.209,2.632,2.4357284,1.2307232000000001
1k1v_A_24-64,SA22L,S22L,0.564473376327429,53.24,X,0.5785,1986,1989,7.74,6.601,3.6192240000000004,3.0866276
1k1v_A_24-64,SA22M,S22M,0.5897685173867904,53.24,X,0.5785,1986,1989,7.74,6.601,3.6192240000000004,3.0866276
1k1v_A_24-64,SA22N,S22N,0.2694357032275132,53.24,X,0.5785,1986,1989,3.988,1.379,1.8647888000000001,0.6448204000000001
1k1v_A_24-64,SA22P,S22P,0.0228315687371483,53.24,X,0.5785,1986,1989,1.928,-0.782,0.9015328,-0.3656632
1k1v_A_24-64,SA22Q,S22Q,0.4933736701581352,53.24,X,0.5785,1986,1989,7.74,6.601,3.6192240000000004,3.0866276
1k1v_A_24-64,SA22R,S22R,0.2430822047715903,53.24,X,0.5785,1986,1989,7.024,6.41,3.2844224,2.997316
1k1v_A_24-64,SA22T,S22T,-0.0750020085129543,53.24,X,0.5785,1986,1989,1.327,1.131,0.6205052,0.5288556
1k1v_A_24-64,SA22V,S22V,0.8308979938911216,53.24,X,0.5785,1986,1989,7.74,6.601,3.6192240000000004,3.0866276
1k1v_A_24-64,SA22W,S22W,1.5209194824099357,53.24,X,0.5785,1986,1989,7.74,6.601,3.6192240000000004,3.0866276
1k1v_A_24-64,SA22Y,S22Y,1.2669985775181414,53.24,X,0.5785,1986,1989,7.74,6.601,3.6192240000000004,3.0866276
1k1v_A_24-64,KA23A,K23A,0.1032039870573451,74.59,A,0.6255,1988,1989,3.739,3.583,0.9500799,0.9104403
1k1v_A_24-64,KA23C,K23C,0.4622121884353882,74.59,A,0.6255,1988,1989,6.907,4.676,1.7550687,1.1881716
1k1v_A_24-64,KA23D,K23D,0.2074024907414375,74.59,A,0.6255,1988,1989,5.797,3.094,1.4730177,0.7861853999999999
1k1v_A_24-64,KA23E,K23E,0.1243518755810699,74.59,A,0.6255,1988,1989,6.087,3.259,1.5467066999999999,0.8281118999999999
1k1v_A_24-64,KA23F,K23F,0.0325792245713039,74.59,A,0.6255,1988,1989,7.612,4.676,1.9342092,1.1881716
1k1v_A_24-64,KA23G,K23G,0.4243591694916804,74.59,A,0.6255,1988,1989,7.199,5.306,1.8292659,1.3482546
1k1v_A_24-64,KA23H,K23H,0.0177843691725347,74.59,A,0.6255,1988,1989,7.199,4.634,1.8292659,1.1774994
1k1v_A_24-64,KA23I,K23I,-0.03456233096581,74.59,A,0.6255,1988,1989,7.612,4.676,1.9342092,1.1881716
1k1v_A_24-64,KA23L,K23L,0.0068384280609106,74.59,A,0.6255,1988,1989,7.612,7.154,1.9342092,1.8178314
1k1v_A_24-64,KA23M,K23M,-0.0059368421927501,74.59,A,0.6255,1988,1989,8.328,7.399,2.1161448,1.8800858999999999
1k1v_A_24-64,KA23N,K23N,0.2363720052117413,74.59,A,0.6255,1988,1989,7.199,4.01,1.8292659,1.0189409999999999
1k1v_A_24-64,KA23P,K23P,-0.0005782057570162,74.59,A,0.6255,1988,1989,5.333,2.55,1.3551153,0.647955
1k1v_A_24-64,KA23Q,K23Q,0.0352739089154299,74.59,A,0.6255,1988,1989,5.716,2.962,1.4524356,0.7526442
1k1v_A_24-64,KA23R,K23R,-0.1056020159821851,74.59,A,0.6255,1988,1989,1.784,0.636,0.4533144,0.1616076
1k1v_A_24-64,KA23S,K23S,0.1858616666493082,74.59,A,0.6255,1988,1989,6.907,4.007,1.7550687,1.0181787
1k1v_A_24-64,KA23T,K23T,0.0363787070806218,74.59,A,0.6255,1988,1989,7.612,4.676,1.9342092,1.1881716
1k1v_A_24-64,KA23V,K23V,0.0086310180116866,74.59,A,0.6255,1988,1989,7.612,4.676,1.9342092,1.1881716
1k1v_A_24-64,KA23W,K23W,0.1318355813661031,74.59,A,0.6255,1988,1989,7.199,4.847,1.8292659,1.2316227000000002
1k1v_A_24-64,KA23Y,K23Y,0.0632051427427986,74.59,A,0.6255,1988,1989,8.328,7.399,2.1161448,1.8800858999999999
1k1v_A_24-64,EA24A,E24A,-0.1157610028351294,78.92,A,0.6748,1988,1989,5.205,2.206,1.097214,0.46502479999999996
1k1v_A_24-64,EA24C,E24C,0.0431500987638571,78.92,A,0.6748,1988,1989,8.301,7.259,1.7498508,1.5301972
1k1v_A_24-64,EA24D,E24D,-0.0558832253098016,78.92,A,0.6748,1988,1989,1.681,0.773,0.35435479999999997,0.1629484
1k1v_A_24-64,EA24F,E24F,0.0716273215253862,78.92,A,0.6748,1988,1989,7.172,4.537,1.5118576,0.9563995999999999
1k1v_A_24-64,EA24G,E24G,0.0793243537097247,78.92,A,0.6748,1988,1989,5.954,3.18,1.2551032,0.6703439999999999
1k1v_A_24-64,EA24H,E24H,0.0106011627620679,78.92,A,0.6748,1988,1989,7.172,4.264,1.5118576,0.8988512
1k1v_A_24-64,EA24I,E24I,-0.0245246917319243,78.92,A,0.6748,1988,1989,7.585,4.537,1.5989179999999998,0.9563995999999999
1k1v_A_24-64,EA24K,E24K,-0.0757039465061337,78.92,A,0.6748,1988,1989,6.654,3.423,1.4026631999999999,0.7215684
1k1v_A_24-64,EA24L,E24L,0.0543663355906103,78.92,A,0.6748,1988,1989,8.301,7.259,1.7498508,1.5301972
1k1v_A_24-64,EA24M,E24M,-0.0079713713284597,78.92,A,0.6748,1988,1989,7.172,4.426,1.5118576,0.9330008
1k1v_A_24-64,EA24N,E24N,0.0998167413377266,78.92,A,0.6748,1988,1989,5.545,2.888,1.1688859999999999,0.6087904
1k1v_A_24-64,EA24P,E24P,0.1457886844498102,78.92,A,0.6748,1988,1989,6.88,3.47,1.4503039999999998,0.731476
1k1v_A_24-64,EA24Q,E24Q,-0.1108876543626751,78.92,A,0.6748,1988,1989,4.715,2.633,0.9939219999999999,0.5550364
1k1v_A_24-64,EA24R,E24R,-0.0545136228570397,78.92,A,0.6748,1988,1989,7.585,4.537,1.5989179999999998,0.9563995999999999
1k1v_A_24-64,EA24S,E24S,-0.1183090502192056,78.92,A,0.6748,1988,1989,4.524,2.354,0.9536591999999999,0.4962232
1k1v_A_24-64,EA24T,E24T,-0.0027962524832512,78.92,A,0.6748,1988,1989,6.18,3.265,1.302744,0.688262
1k1v_A_24-64,EA24V,E24V,0.0869888464053296,78.92,A,0.6748,1988,1989,7.172,5.693,1.5118576,1.2000844
1k1v_A_24-64,EA24W,E24W,-0.0228415643818173,78.92,A,0.6748,1988,1989,8.301,7.259,1.7498508,1.5301972
1k1v_A_24-64,EA24Y,E24Y,0.0602781180978619,78.92,A,0.6748,1988,1989,8.301,7.259,1.7498508,1.5301972
1k1v_A_24-64,EA25A,E25A,-0.0080855654933349,45.0,A,0.7673,1987,1989,6.576,3.252,3.6168,1.7886
1k1v_A_24-64,EA25C,E25C,0.1922053969136072,45.0,A,0.7673,1987,1989,9.019,7.433,4.960450000000001,4.088150000000001
1k1v_A_24-64,EA25D,E25D,0.1792123454691117,45.0,A,0.7673,1987,1989,3.545,2.421,1.94975,1.33155
1k1v_A_24-64,EA25F,E25F,0.4789444783646663,45.0,A,0.7673,1987,1989,7.598,3.643,4.1789000000000005,2.00365
1k1v_A_24-64,EA25G,E25G,0.7802951170355916,45.0,A,0.7673,1987,1989,9.019,7.433,4.960450000000001,4.088150000000001
1k1v_A_24-64,EA25H,E25H,0.3099512386769067,45.0,A,0.7673,1987,1989,7.89,4.584,4.3395,2.5212
1k1v_A_24-64,EA25I,E25I,-0.0490231053863292,45.0,A,0.7673,1987,1989,6.672,3.444,3.6696,1.8942
1k1v_A_24-64,EA25K,E25K,0.1246605002148979,45.0,A,0.7673,1987,1989,7.372,3.643,4.054600000000001,2.00365
1k1v_A_24-64,EA25L,E25L,-0.1892053160444509,45.0,A,0.7673,1987,1989,5.787,2.581,3.18285,1.41955
1k1v_A_24-64,EA25M,E25M,-0.1152963999718346,45.0,A,0.7673,1987,1989,7.188,3.893,3.9534000000000002,2.14115
1k1v_A_24-64,EA25N,E25N,0.4666212955049436,45.0,A,0.7673,1987,1989,8.303,4.711,4.566650000000001,2.5910500000000005
1k1v_A_24-64,EA25P,E25P,2.082543794197418,45.0,A,0.7673,1987,1989,9.019,7.433,4.960450000000001,4.088150000000001
1k1v_A_24-64,EA25Q,E25Q,-0.099836796211651,45.0,A,0.7673,1987,1989,4.818,1.838,2.6499,1.0109000000000001
1k1v_A_24-64,EA25R,E25R,0.3313870571555171,45.0,A,0.7673,1987,1989,6.778,3.643,3.7279,2.00365
1k1v_A_24-64,EA25S,E25S,0.2949506633681695,45.0,A,0.7673,1987,1989,9.019,7.433,4.960450000000001,4.088150000000001
1k1v_A_24-64,EA25T,E25T,0.0875949572557066,45.0,A,0.7673,1987,1989,5.972,2.511,3.2846000000000006,1.38105
1k1v_A_24-64,EA25V,E25V,-0.0966539076310981,45.0,A,0.7673,1987,1989,5.347,2.153,2.9408500000000006,1.18415
1k1v_A_24-64,EA25W,E25W,0.6950836745515749,45.0,A,0.7673,1987,1989,9.019,7.433,4.960450000000001,4.088150000000001
1k1v_A_24-64,EA25Y,E25Y,0.320304827947182,45.0,A,0.7673,1987,1989,8.303,4.711,4.566650000000001,2.5910500000000005
1k1v_A_24-64,IA26A,I26A,-0.398067221525582,24.59,A,0.6804,1986,1989,1.859,0.675,1.4018719,0.5090175
1k1v_A_24-64,IA26D,I26D,1.7604013581973943,24.59,A,0.6804,1986,1989,6.678,6.627,5.0358798,4.9974207
1k1v_A_24-64,IA26E,I26E,0.7910261277185833,24.59,A,0.6804,1986,1989,6.678,6.627,5.0358798,4.9974207
1k1v_A_24-64,IA26F,I26F,0.7719558559751531,24.59,A,0.6804,1986,1989,6.678,6.627,5.0358798,4.9974207
1k1v_A_24-64,IA26G,I26G,-0.0828761637214743,24.59,A,0.6804,1986,1989,5.549,6.574,4.184500900000001,4.9574533999999995
1k1v_A_24-64,IA26H,I26H,0.7849630585107643,24.59,A,0.6804,1986,1989,5.962,4.884,4.495944199999999,3.6830244000000003
1k1v_A_24-64,IA26K,I26K,-0.2096785417283277,24.59,A,0.6804,1986,1989,5.031,2.549,3.7938770999999996,1.9222009
1k1v_A_24-64,IA26L,I26L,0.8159017442031646,24.59,A,0.6804,1986,1989,5.549,3.903,4.184500900000001,2.9432523
1k1v_A_24-64,IA26M,I26M,0.2707594801763098,24.59,A,0.6804,1986,1989,3.582,2.558,2.7011862,1.9289877999999998
1k1v_A_24-64,IA26N,I26N,0.888982763083956,24.59,A,0.6804,1986,1989,6.678,6.627,5.0358798,4.9974207
1k1v_A_24-64,IA26P,I26P,2.625522879589409,24.59,A,0.6804,1986,1989,6.678,6.627,5.0358798,4.9974207
1k1v_A_24-64,IA26Q,I26Q,-0.4775594774474054,24.59,A,0.6804,1986,1989,3.738,1.678,2.8188258,1.2653797999999998
1k1v_A_24-64,IA26R,I26R,-0.5008711585349861,24.59,A,0.6804,1986,1989,5.962,3.905,4.495944199999999,2.9447604999999997
1k1v_A_24-64,IA26S,I26S,0.2333031936579663,24.59,A,0.6804,1986,1989,5.257,4.235,3.9643037,3.1936135
1k1v_A_24-64,IA26T,I26T,0.3854417814097346,24.59,A,0.6804,1986,1989,5.031,5.068,3.7938770999999996,3.8217787999999997
1k1v_A_24-64,IA26V,I26V,-0.0177588713298493,24.59,A,0.6804,1986,1989,-1.508,-0.679,-1.1371828,-0.5120339
1k1v_A_24-64,IA26W,I26W,0.625964764366981,24.59,A,0.6804,1986,1989,6.678,6.627,5.0358798,4.9974207
1k1v_A_24-64,IA26Y,I26Y,0.6461232100608258,24.59,A,0.6804,1986,1989,6.678,6.627,5.0358798,4.9974207
1k1v_A_24-64,IA27A,I27A,-0.1018946480150657,52.83,A,0.4285,1987,1989,1.992,-0.315,0.9396264,-0.1485855
1k1v_A_24-64,IA27C,I27C,-0.0602634000493438,52.83,A,0.4285,1987,1989,7.01,5.295,3.306617,2.4976515
1k1v_A_24-64,IA27D,I27D,0.0826017628725011,52.83,A,0.4285,1987,1989,6.294,2.572,2.9688798,1.2132124
1k1v_A_24-64,IA27E,I27E,0.0017215059548538,52.83,A,0.4285,1987,1989,4.769,1.216,2.2495373,0.5735872
1k1v_A_24-64,IA27F,I27F,-0.1118740281403036,52.83,A,0.4285,1987,1989,6.294,3.205,2.9688798,1.5117985
1k1v_A_24-64,IA27G,I27G,0.3478128921103678,52.83,A,0.4285,1987,1989,5.881,4.969,2.7740677000000002,2.3438773000000004
1k1v_A_24-64,IA27H,I27H,-0.0360271950546309,52.83,A,0.4285,1987,1989,5.881,2.299,2.7740677000000002,1.0844383
1k1v_A_24-64,IA27K,I27K,-0.1706589589177709,52.83,A,0.4285,1987,1989,3.821,-0.172,1.8023657000000002,-0.0811324
1k1v_A_24-64,IA27L,I27L,-0.0043232172566332,52.83,A,0.4285,1987,1989,1.215,-0.143,0.5731155,-0.0674531
1k1v_A_24-64,IA27M,I27M,-0.0999463030494389,52.83,A,0.4285,1987,1989,2.808,1.56,1.3245335999999999,0.7358520000000001
1k1v_A_24-64,IA27N,I27N,0.0905015831838678,52.83,A,0.4285,1987,1989,4.479,0.458,2.1127443,0.21603860000000003
1k1v_A_24-64,IA27P,I27P,1.6004013384470643,52.83,A,0.4285,1987,1989,7.01,5.295,3.306617,2.4976515
1k1v_A_24-64,IA27Q,I27Q,-0.0694464974507553,52.83,A,0.4285,1987,1989,2.364,-0.28,1.1150988,-0.13207600000000003
1k1v_A_24-64,IA27R,I27R,-0.1425744779086635,52.83,A,0.4285,1987,1989,4.323,0.933,2.0391591,0.44009610000000005
1k1v_A_24-64,IA27S,I27S,0.1121021982705143,52.83,A,0.4285,1987,1989,3.454,-0.012,1.6292518,-0.0056604
1k1v_A_24-64,IA27T,I27T,0.0489370795591077,52.83,A,0.4285,1987,1989,1.788,-0.392,0.8433996,-0.1849064
1k1v_A_24-64,IA27V,I27V,-0.0023191778434437,52.83,A,0.4285,1987,1989,0.536,0.079,0.25283120000000003,0.0372643
1k1v_A_24-64,IA27W,I27W,-0.0833160087939655,52.83,A,0.4285,1987,1989,7.01,5.295,3.306617,2.4976515
1k1v_A_24-64,IA27Y,I27Y,-0.0796609082913226,52.83,A,0.4285,1987,1989,4.888,1.425,2.3056696,0.6721725000000001
1k1v_A_24-64,QA28A,Q28A,-0.3537570297034111,70.36,A,0.5678,1985,1989,2.736,0.464,0.8109504000000001,0.1375296
1k1v_A_24-64,QA28C,Q28C,-0.1796945479452603,70.36,A,0.5678,1985,1989,4.504,1.853,1.3349855999999998,0.5492292
1k1v_A_24-64,QA28D,Q28D,0.2183376493226223,70.36,A,0.5678,1985,1989,4.504,2.136,1.3349855999999998,0.6331104000000001
1k1v_A_24-64,QA28E,Q28E,-0.0733120459207214,70.36,A,0.5678,1985,1989,3.394,0.487,1.0059816,0.1443468
1k1v_A_24-64,QA28F,Q28F,-0.1948244906825831,70.36,A,0.5678,1985,1989,5.925,5.247,1.75617,1.5552108
1k1v_A_24-64,QA28G,Q28G,0.1951741042567787,70.36,A,0.5678,1985,1989,4.504,1.854,1.3349855999999998,0.5495256000000001
1k1v_A_24-64,QA28H,Q28H,-0.0172444466901033,70.36,A,0.5678,1985,1989,3.684,2.98,1.0919376,0.883272
1k1v_A_24-64,QA28I,Q28I,-0.1468440073894061,70.36,A,0.5678,1985,1989,3.938,1.169,1.1672232,0.3464916
1k1v_A_24-64,QA28K,Q28K,-0.2547335409467459,70.36,A,0.5678,1985,1989,0.564,-1.328,0.16716959999999997,-0.3936192
1k1v_A_24-64,QA28L,Q28L,-0.1716167449951067,70.36,A,0.5678,1985,1989,3.168,0.862,0.9389952,0.25549679999999997
1k1v_A_24-64,QA28M,Q28M,-0.1706787795201716,70.36,A,0.5678,1985,1989,2.929,0.976,0.8681555999999999,0.2892864
1k1v_A_24-64,QA28N,Q28N,0.0443134379511467,70.36,A,0.5678,1985,1989,3.168,0.634,0.9389952,0.1879176
1k1v_A_24-64,QA28P,Q28P,1.3320547746564484,70.36,A,0.5678,1985,1989,5.925,5.247,1.75617,1.5552108
1k1v_A_24-64,QA28R,Q28R,-0.3742220407896424,70.36,A,0.5678,1985,1989,-2.51,-1.373,-0.743964,-0.4069572
1k1v_A_24-64,QA28S,Q28S,-0.0135800484680792,70.36,A,0.5678,1985,1989,4.093,1.164,1.2131652,0.34500959999999997
1k1v_A_24-64,QA28T,Q28T,0.0200785579657574,70.36,A,0.5678,1985,1989,3.938,1.19,1.1672232,0.352716
1k1v_A_24-64,QA28V,Q28V,-0.076721285496216,70.36,A,0.5678,1985,1989,4.504,1.457,1.3349855999999998,0.43185480000000004
1k1v_A_24-64,QA28W,Q28W,-0.1313372182761543,70.36,A,0.5678,1985,1989,4.795,2.522,1.421238,0.7475208
1k1v_A_24-64,QA28Y,Q28Y,-0.3377307980234505,70.36,A,0.5678,1985,1989,5.209,3.157,1.5439475999999999,0.9357348
1k1v_A_24-64,LA29A,L29A,0.4706111209284449,20.18,A,0.739,1983,1989,7.523,3.413,6.0048585999999995,2.7242566
1k1v_A_24-64,LA29C,L29C,0.6370396814321524,20.18,A,0.739,1983,1989,9.354,7.541,7.4663628,6.0192262
1k1v_A_24-64,LA29D,L29D,2.158834121405054,20.18,A,0.739,1983,1989,9.354,7.541,7.4663628,6.0192262
1k1v_A_24-64,LA29E,L29E,1.684001366912591,20.18,A,0.739,1983,1989,9.354,7.541,7.4663628,6.0192262
1k1v_A_24-64,LA29F,L29F,0.6989899117023608,20.18,A,0.739,1983,1989,6.667,3.243,5.3215994,2.5885626
1k1v_A_24-64,LA29G,L29G,2.008527652580409,20.18,A,0.739,1983,1989,9.354,7.541,7.4663628,6.0192262
1k1v_A_24-64,LA29H,L29H,0.9857262775702176,20.18,A,0.739,1983,1989,8.638,4.818,6.8948516,3.8457275999999996
1k1v_A_24-64,LA29I,L29I,-0.3668671988118834,20.18,A,0.739,1983,1989,5.119,1.122,4.0859858,0.8955804
1k1v_A_24-64,LA29K,L29K,1.4464270528658765,20.18,A,0.739,1983,1989,9.354,7.541,7.4663628,6.0192262
1k1v_A_24-64,LA29M,L29M,0.2760902100333573,20.18,A,0.739,1983,1989,4.125,2.426,3.2925750000000003,1.9364332000000002
1k1v_A_24-64,LA29N,L29N,1.6674682370282246,20.18,A,0.739,1983,1989,9.354,7.541,7.4663628,6.0192262
1k1v_A_24-64,LA29P,L29P,2.426269202596421,20.18,A,0.739,1983,1989,9.354,7.541,7.4663628,6.0192262
1k1v_A_24-64,LA29Q,L29Q,1.2541261441694176,20.18,A,0.739,1983,1989,9.354,7.541,7.4663628,6.0192262
1k1v_A_24-64,LA29R,L29R,1.6646218531105572,20.18,A,0.739,1983,1989,9.354,7.541,7.4663628,6.0192262
1k1v_A_24-64,LA29S,L29S,1.5710810456899191,20.18,A,0.739,1983,1989,9.354,7.541,7.4663628,6.0192262
1k1v_A_24-64,LA29T,L29T,0.4435215392913008,20.18,A,0.739,1983,1989,8.638,7.442,6.8948516,5.940204400000001
1k1v_A_24-64,LA29V,L29V,-0.167012198259135,20.18,A,0.739,1983,1989,5.895,2.08,4.705388999999999,1.6602560000000002
1k1v_A_24-64,LA29W,L29W,0.7229907199452752,20.18,A,0.739,1983,1989,7.707,5.335,6.1517274,4.258397
1k1v_A_24-64,LA29Y,L29Y,0.4469551453825178,20.18,A,0.739,1983,1989,7.523,3.642,6.0048585999999995,2.9070444
1k1v_A_24-64,KA30A,K30A,0.5653688130216481,40.48,A,0.9241,1983,1989,11.077,9.133,6.593030399999999,5.435961599999999
1k1v_A_24-64,KA30D,K30D,1.3712591563333318,40.48,A,0.9241,1983,1989,11.077,9.133,6.593030399999999,5.435961599999999
1k1v_A_24-64,KA30E,K30E,0.6919899570472525,40.48,A,0.9241,1983,1989,11.077,9.133,6.593030399999999,5.435961599999999
1k1v_A_24-64,KA30F,K30F,-0.4406221735701305,40.48,A,0.9241,1983,1989,11.077,9.133,6.593030399999999,5.435961599999999
1k1v_A_24-64,KA30G,K30G,1.1816296952844174,40.48,A,0.9241,1983,1989,11.077,9.133,6.593030399999999,5.435961599999999
1k1v_A_24-64,KA30H,K30H,0.1623097089443868,40.48,A,0.9241,1983,1989,11.077,9.133,6.593030399999999,5.435961599999999
1k1v_A_24-64,KA30I,K30I,-0.4738690458443644,40.48,A,0.9241,1983,1989,11.077,9.133,6.593030399999999,5.435961599999999
1k1v_A_24-64,KA30L,K30L,-0.7932951844012397,40.48,A,0.9241,1983,1989,11.077,9.133,6.593030399999999,5.435961599999999
1k1v_A_24-64,KA30M,K30M,-0.5330668688472535,40.48,A,0.9241,1983,1989,11.077,9.133,6.593030399999999,5.435961599999999
1k1v_A_24-64,KA30N,K30N,0.6596659869399788,40.48,A,0.9241,1983,1989,11.077,9.133,6.593030399999999,5.435961599999999
1k1v_A_24-64,KA30Q,K30Q,0.2206113784999961,40.48,A,0.9241,1983,1989,11.077,9.133,6.593030399999999,5.435961599999999
1k1v_A_24-64,KA30R,K30R,-0.1219721849207458,40.48,A,0.9241,1983,1989,7.352,3.204,4.3759103999999995,1.9070208
1k1v_A_24-64,KA30S,K30S,0.7798225387552462,40.48,A,0.9241,1983,1989,11.077,9.133,6.593030399999999,5.435961599999999
1k1v_A_24-64,KA30T,K30T,0.2592701611081924,40.48,A,0.9241,1983,1989,11.077,9.133,6.593030399999999,5.435961599999999
1k1v_A_24-64,KA30V,K30V,-0.2960224715105299,40.48,A,0.9241,1983,1989,11.077,9.133,6.593030399999999,5.435961599999999
1k1v_A_24-64,KA30W,K30W,-0.6347618071665813,40.48,A,0.9241,1983,1989,11.077,9.133,6.593030399999999,5.435961599999999
1k1v_A_24-64,KA30Y,K30Y,-0.2826701424463831,40.48,A,0.9241,1983,1989,11.077,9.133,6.593030399999999,5.435961599999999
1k1v_A_24-64,QA31A,Q31A,-0.1843243357365214,60.49,A,0.9264,1982,1989,7.838,3.921,3.0967938,1.5491871
1k1v_A_24-64,QA31C,Q31C,0.209157147777971,60.49,A,0.9264,1982,1989,10.37,7.858,4.097187,3.1046958
1k1v_A_24-64,QA31D,Q31D,0.2768444601860207,60.49,A,0.9264,1982,1989,10.37,7.858,4.097187,3.1046958
1k1v_A_24-64,QA31E,Q31E,-0.0609941049015789,60.49,A,0.9264,1982,1989,9.653,5.136,3.8139003000000002,2.0292336
1k1v_A_24-64,QA31F,Q31F,0.2515997809607142,60.49,A,0.9264,1982,1989,10.37,7.858,4.097187,3.1046958
1k1v_A_24-64,QA31G,Q31G,0.462374504098791,60.49,A,0.9264,1982,1989,10.37,7.858,4.097187,3.1046958
1k1v_A_24-64,QA31H,Q31H,0.0618238082846471,60.49,A,0.9264,1982,1989,7.926,3.78,3.1315626,1.4934779999999999
1k1v_A_24-64,QA31I,Q31I,-0.1781251787695943,60.49,A,0.9264,1982,1989,10.37,7.858,4.097187,3.1046958
1k1v_A_24-64,QA31K,Q31K,-0.1763729392713786,60.49,A,0.9264,1982,1989,6.52,1.616,2.576052,0.6384816000000001
1k1v_A_24-64,QA31L,Q31L,-0.0958830258248699,60.49,A,0.9264,1982,1989,9.653,5.136,3.8139003000000002,2.0292336
1k1v_A_24-64,QA31M,Q31M,-0.0883250176744026,60.49,A,0.9264,1982,1989,9.24,5.136,3.6507240000000003,2.0292336
1k1v_A_24-64,QA31N,Q31N,0.0214139287617747,60.49,A,0.9264,1982,1989,8.948,4.354,3.5353548000000004,1.7202654000000002
1k1v_A_24-64,QA31P,Q31P,2.423055419529732,60.49,A,0.9264,1982,1989,10.37,7.858,4.097187,3.1046958
1k1v_A_24-64,QA31R,Q31R,-0.1152761226191696,60.49,A,0.9264,1982,1989,7.226,2.429,2.8549926,0.9596979
1k1v_A_24-64,QA31S,Q31S,0.0352345131738187,60.49,A,0.9264,1982,1989,8.948,4.469,3.5353548000000004,1.7657019
1k1v_A_24-64,QA31T,Q31T,0.0506473653138324,60.49,A,0.9264,1982,1989,9.653,5.136,3.8139003000000002,2.0292336
1k1v_A_24-64,QA31V,Q31V,0.0547164643765867,60.49,A,0.9264,1982,1989,10.37,7.858,4.097187,3.1046958
1k1v_A_24-64,QA31W,Q31W,0.2444876372462558,60.49,A,0.9264,1982,1989,10.37,7.858,4.097187,3.1046958
1k1v_A_24-64,QA31Y,Q31Y,0.2332702776282817,60.49,A,0.9264,1982,1989,9.24,4.469,3.6507240000000003,1.7657019
1k1v_A_24-64,RA32A,R32A,1.518510740059591,47.45,A,0.5628,1981,1989,7.742,8.354,4.068421,4.390026999999999
1k1v_A_24-64,RA32C,R32C,1.17516487356673,47.45,A,0.5628,1981,1989,7.026,5.632,3.692163,2.9596159999999996
1k1v_A_24-64,RA32D,R32D,2.4153325824230945,47.45,A,0.5628,1981,1989,7.742,8.354,4.068421,4.390026999999999
1k1v_A_24-64,RA32E,R32E,2.284351434449944,47.45,A,0.5628,1981,1989,7.026,5.632,3.692163,2.9596159999999996
1k1v_A_24-64,RA32F,R32F,1.6351458221811837,47.45,A,0.5628,1981,1989,7.742,8.354,4.068421,4.390026999999999
1k1v_A_24-64,RA32G,R32G,2.6213245020719738,47.45,A,0.5628,1981,1989,7.742,8.354,4.068421,4.390026999999999
1k1v_A_24-64,RA32H,R32H,1.1282530769390977,47.45,A,0.5628,1981,1989,7.742,8.354,4.068421,4.390026999999999
1k1v_A_24-64,RA32I,R32I,1.3038471669480398,47.45,A,0.5628,1981,1989,6.612,5.632,3.4746059999999996,2.9596159999999996
1k1v_A_24-64,RA32K,R32K,0.6340042411296218,47.45,A,0.5628,1981,1989,0.257,1.721,0.1350535,0.9043855
1k1v_A_24-64,RA32L,R32L,0.8102470711546725,47.45,A,0.5628,1981,1989,6.095,4.965,3.2029224999999997,2.6091075
1k1v_A_24-64,RA32M,R32M,1.277777489964642,47.45,A,0.5628,1981,1989,7.742,8.354,4.068421,4.390026999999999
1k1v_A_24-64,RA32N,R32N,2.071031618214026,47.45,A,0.5628,1981,1989,7.742,8.354,4.068421,4.390026999999999
1k1v_A_24-64,RA32Q,R32Q,1.5052638530907017,47.45,A,0.5628,1981,1989,7.742,8.354,4.068421,4.390026999999999
1k1v_A_24-64,RA32S,R32S,1.9090803769056623,47.45,A,0.5628,1981,1989,7.742,8.354,4.068421,4.390026999999999
1k1v_A_24-64,RA32T,R32T,1.8420732416827643,47.45,A,0.5628,1981,1989,7.742,8.354,4.068421,4.390026999999999
1k1v_A_24-64,RA32V,R32V,1.6025380525135426,47.45,A,0.5628,1981,1989,7.742,8.354,4.068421,4.390026999999999
1k1v_A_24-64,RA32W,R32W,1.1093424426933758,47.45,A,0.5628,1981,1989,6.612,8.027,3.4746059999999996,4.218188499999999
1k1v_A_24-64,RA32Y,R32Y,0.9202668216190072,47.45,A,0.5628,1981,1989,7.742,8.354,4.068421,4.390026999999999
1k1v_A_24-64,RA33A,R33A,0.6045574309404618,8.4,A,0.8509,1978,1989,11.737,10.855,10.751092,9.94318
1k1v_A_24-64,RA33D,R33D,1.9878955072727256,8.4,A,0.8509,1978,1989,11.737,10.855,10.751092,9.94318
1k1v_A_24-64,RA33E,R33E,1.2171811958520362,8.4,A,0.8509,1978,1989,11.737,10.855,10.751092,9.94318
1k1v_A_24-64,RA33F,R33F,-0.3568409760978763,8.4,A,0.8509,1978,1989,11.737,10.855,10.751092,9.94318
1k1v_A_24-64,RA33G,R33G,1.978230183302847,8.4,A,0.8509,1978,1989,11.737,10.855,10.751092,9.94318
1k1v_A_24-64,RA33H,R33H,-0.0965176937379119,8.4,A,0.8509,1978,1989,11.737,10.855,10.751092,9.94318
1k1v_A_24-64,RA33I,R33I,-0.1329794998240863,8.4,A,0.8509,1978,1989,11.737,10.855,10.751092,9.94318
1k1v_A_24-64,RA33K,R33K,0.7734071093808719,8.4,A,0.8509,1978,1989,11.021,10.855,10.095236000000002,9.94318
1k1v_A_24-64,RA33L,R33L,-0.2833028969054054,8.4,A,0.8509,1978,1989,11.737,10.855,10.751092,9.94318
1k1v_A_24-64,RA33M,R33M,0.1309254110858266,8.4,A,0.8509,1978,1989,11.737,10.855,10.751092,9.94318
1k1v_A_24-64,RA33N,R33N,1.562881433909156,8.4,A,0.8509,1978,1989,11.737,10.855,10.751092,9.94318
1k1v_A_24-64,RA33Q,R33Q,0.4461111221844678,8.4,A,0.8509,1978,1989,10.608,10.736,9.716928000000001,9.834176000000001
1k1v_A_24-64,RA33S,R33S,1.2032903108493405,8.4,A,0.8509,1978,1989,11.737,10.855,10.751092,9.94318
1k1v_A_24-64,RA33T,R33T,1.173785764127315,8.4,A,0.8509,1978,1989,11.737,10.855,10.751092,9.94318
1k1v_A_24-64,RA33V,R33V,0.2654367310447503,8.4,A,0.8509,1978,1989,11.737,10.855,10.751092,9.94318
1k1v_A_24-64,RA33W,R33W,-0.9302371248877216,8.4,A,0.8509,1978,1989,11.737,10.855,10.751092,9.94318
1k1v_A_24-64,RA33Y,R33Y,-0.6681798035024755,8.4,A,0.8509,1978,1989,11.737,10.855,10.751092,9.94318
1k1v_A_24-64,RA34A,R34A,-0.0330623280967385,59.87,A,0.851,1978,1989,11.737,10.85,4.7100581,4.354105
1k1v_A_24-64,RA34D,R34D,0.3111172888456244,59.87,A,0.851,1978,1989,11.737,10.85,4.7100581,4.354105
1k1v_A_24-64,RA34E,R34E,0.1110659952617774,59.87,A,0.851,1978,1989,11.737,10.85,4.7100581,4.354105
1k1v_A_24-64,RA34F,R34F,0.6718053758959017,59.87,A,0.851,1978,1989,11.737,10.85,4.7100581,4.354105
1k1v_A_24-64,RA34G,R34G,0.8151250851080567,59.87,A,0.851,1978,1989,11.737,10.85,4.7100581,4.354105
1k1v_A_24-64,RA34H,R34H,0.2334344401227919,59.87,A,0.851,1978,1989,10.316,10.407,4.1398108,4.1763291
1k1v_A_24-64,RA34I,R34I,0.2499207678551784,59.87,A,0.851,1978,1989,11.737,10.85,4.7100581,4.354105
1k1v_A_24-64,RA34K,R34K,-0.0514360013166155,59.87,A,0.851,1978,1989,11.737,10.85,4.7100581,4.354105
1k1v_A_24-64,RA34L,R34L,0.3583272714122851,59.87,A,0.851,1978,1989,11.737,10.85,4.7100581,4.354105
1k1v_A_24-64,RA34M,R34M,0.4014484039918349,59.87,A,0.851,1978,1989,11.737,10.85,4.7100581,4.354105
1k1v_A_24-64,RA34N,R34N,0.2293001837744424,59.87,A,0.851,1978,1989,11.737,10.85,4.7100581,4.354105
1k1v_A_24-64,RA34P,R34P,2.035946114140716,59.87,A,0.851,1978,1989,11.737,10.85,4.7100581,4.354105
1k1v_A_24-64,RA34Q,R34Q,0.0661780611831386,59.87,A,0.851,1978,1989,11.737,10.85,4.7100581,4.354105
1k1v_A_24-64,RA34S,R34S,0.3218365247830204,59.87,A,0.851,1978,1989,11.737,10.85,4.7100581,4.354105
1k1v_A_24-64,RA34T,R34T,0.3921559266755348,59.87,A,0.851,1978,1989,11.737,10.85,4.7100581,4.354105
1k1v_A_24-64,RA34V,R34V,0.3847756784203697,59.87,A,0.851,1978,1989,11.737,10.85,4.7100581,4.354105
1k1v_A_24-64,RA34W,R34W,0.2201794647488786,59.87,A,0.851,1978,1989,11.737,10.85,4.7100581,4.354105
1k1v_A_24-64,RA34Y,R34Y,0.5364726067842351,59.87,A,0.851,1978,1989,11.737,10.85,4.7100581,4.354105
1k1v_A_24-64,TA35A,T35A,-0.3628195307444457,31.45,A,0.9555,1976,1989,9.358,7.65,6.414909000000001,5.2440750000000005
1k1v_A_24-64,TA35D,T35D,-0.2803407326078764,31.45,A,0.9555,1976,1989,10.779,8.747,7.3890044999999995,5.9960685
1k1v_A_24-64,TA35E,T35E,-0.4290262692921551,31.45,A,0.9555,1976,1989,10.779,8.747,7.3890044999999995,5.9960685
1k1v_A_24-64,TA35F,T35F,-0.4054638862109341,31.45,A,0.9555,1976,1989,10.779,8.747,7.3890044999999995,5.9960685
1k1v_A_24-64,TA35G,T35G,0.2845702265065934,31.45,A,0.9555,1976,1989,10.779,8.747,7.3890044999999995,5.9960685
1k1v_A_24-64,TA35H,T35H,-0.1862845340195962,31.45,A,0.9555,1976,1989,10.779,8.747,7.3890044999999995,5.9960685
1k1v_A_24-64,TA35I,T35I,-0.4017621501145951,31.45,A,0.9555,1976,1989,7.897,3.618,5.4133935,2.480139
1k1v_A_24-64,TA35K,T35K,-0.3044854114142903,31.45,A,0.9555,1976,1989,10.779,8.747,7.3890044999999995,5.9960685
1k1v_A_24-64,TA35L,T35L,-0.4125175024936891,31.45,A,0.9555,1976,1989,9.358,4.957,6.414909000000001,3.3980235
1k1v_A_24-64,TA35M,T35M,-0.4954786448983643,31.45,A,0.9555,1976,1989,10.779,8.747,7.3890044999999995,5.9960685
1k1v_A_24-64,TA35N,T35N,-0.23797338454867,31.45,A,0.9555,1976,1989,8.093,4.254,5.5477515,2.916117
1k1v_A_24-64,TA35P,T35P,1.6553721570982325,31.45,A,0.9555,1976,1989,10.779,8.747,7.3890044999999995,5.9960685
1k1v_A_24-64,TA35Q,T35Q,-0.2746355260408073,31.45,A,0.9555,1976,1989,10.779,8.747,7.3890044999999995,5.9960685
1k1v_A_24-64,TA35R,T35R,-0.2428634534517688,31.45,A,0.9555,1976,1989,10.063,6.024,6.8981865,4.129452
1k1v_A_24-64,TA35S,T35S,-0.0704146810216865,31.45,A,0.9555,1976,1989,8.168,3.956,5.599163999999999,2.7118379999999997
1k1v_A_24-64,TA35V,T35V,-0.2182169567150325,31.45,A,0.9555,1976,1989,9.358,5.812,6.414909000000001,3.9841260000000003
1k1v_A_24-64,TA35W,T35W,-0.5253758349984414,31.45,A,0.9555,1976,1989,10.779,8.747,7.3890044999999995,5.9960685
1k1v_A_24-64,TA35Y,T35Y,-0.4538972522603561,31.45,A,0.9555,1976,1989,10.779,8.747,7.3890044999999995,5.9960685
1k1v_A_24-64,LA36A,L36A,0.7842223184777875,4.51,A,0.8669,1975,1989,11.621,10.538,11.0968929,10.0627362
1k1v_A_24-64,LA36C,L36C,1.2063606455864926,4.51,A,0.8669,1975,1989,11.621,10.538,11.0968929,10.0627362
1k1v_A_24-64,LA36D,L36D,1.784904288784768,4.51,A,0.8669,1975,1989,11.621,10.538,11.0968929,10.0627362
1k1v_A_24-64,LA36E,L36E,1.6362615729190195,4.51,A,0.8669,1975,1989,11.621,10.538,11.0968929,10.0627362
1k1v_A_24-64,LA36F,L36F,1.570695029217184,4.51,A,0.8669,1975,1989,11.621,10.538,11.0968929,10.0627362
1k1v_A_24-64,LA36G,L36G,1.424625790724383,4.51,A,0.8669,1975,1989,11.621,10.538,11.0968929,10.0627362
1k1v_A_24-64,LA36H,L36H,1.240864861542199,4.51,A,0.8669,1975,1989,11.621,10.538,11.0968929,10.0627362
1k1v_A_24-64,LA36I,L36I,0.6911685886850001,4.51,A,0.8669,1975,1989,10.492,7.815,10.0188108,7.4625435
1k1v_A_24-64,LA36K,L36K,1.3871347108762344,4.51,A,0.8669,1975,1989,10.905,7.815,10.4131845,7.4625435
1k1v_A_24-64,LA36M,L36M,0.8814415567624989,4.51,A,0.8669,1975,1989,11.621,10.538,11.0968929,10.0627362
1k1v_A_24-64,LA36N,L36N,1.4119683651757582,4.51,A,0.8669,1975,1989,11.621,10.538,11.0968929,10.0627362
1k1v_A_24-64,LA36P,L36P,1.61990944093247,4.51,A,0.8669,1975,1989,11.621,10.538,11.0968929,10.0627362
1k1v_A_24-64,LA36Q,L36Q,1.2630695022955944,4.51,A,0.8669,1975,1989,11.621,10.538,11.0968929,10.0627362
1k1v_A_24-64,LA36R,L36R,1.3457592747236289,4.51,A,0.8669,1975,1989,11.621,10.538,11.0968929,10.0627362
1k1v_A_24-64,LA36S,L36S,1.283596298552694,4.51,A,0.8669,1975,1989,11.621,10.538,11.0968929,10.0627362
1k1v_A_24-64,LA36T,L36T,1.3956031769840695,4.51,A,0.8669,1975,1989,11.621,10.538,11.0968929,10.0627362
1k1v_A_24-64,LA36V,L36V,1.0000118390036952,4.51,A,0.8669,1975,1989,11.621,10.538,11.0968929,10.0627362
1k1v_A_24-64,LA36W,L36W,1.7686537800645163,4.51,A,0.8669,1975,1989,11.621,10.538,11.0968929,10.0627362
1k1v_A_24-64,LA36Y,L36Y,1.3449618870469844,4.51,A,0.8669,1975,1989,10.905,10.48,10.4131845,10.007352000000001
1k1v_A_24-64,KA37A,K37A,0.5984836488183052,41.98,A,0.9398,1976,1989,11.649,10.538,6.7587498,6.114147600000001
1k1v_A_24-64,KA37C,K37C,-0.3618839696407363,41.98,A,0.9398,1976,1989,11.649,10.538,6.7587498,6.114147600000001
1k1v_A_24-64,KA37D,K37D,1.1606985085664037,41.98,A,0.9398,1976,1989,11.649,10.538,6.7587498,6.114147600000001
1k1v_A_24-64,KA37E,K37E,0.5415631484475449,41.98,A,0.9398,1976,1989,11.649,10.538,6.7587498,6.114147600000001
1k1v_A_24-64,KA37F,K37F,0.1011886772909511,41.98,A,0.9398,1976,1989,11.649,10.538,6.7587498,6.114147600000001
1k1v_A_24-64,KA37G,K37G,0.9841339145861728,41.98,A,0.9398,1976,1989,11.649,10.538,6.7587498,6.114147600000001
1k1v_A_24-64,KA37H,K37H,0.3659130289945385,41.98,A,0.9398,1976,1989,11.649,10.538,6.7587498,6.114147600000001
1k1v_A_24-64,KA37I,K37I,-0.3454283316698654,41.98,A,0.9398,1976,1989,11.649,10.538,6.7587498,6.114147600000001
1k1v_A_24-64,KA37L,K37L,-0.5666536091881547,41.98,A,0.9398,1976,1989,11.649,10.538,6.7587498,6.114147600000001
1k1v_A_24-64,KA37M,K37M,-0.2702208027399715,41.98,A,0.9398,1976,1989,11.649,10.538,6.7587498,6.114147600000001
1k1v_A_24-64,KA37N,K37N,0.6314951321816467,41.98,A,0.9398,1976,1989,11.649,10.538,6.7587498,6.114147600000001
1k1v_A_24-64,KA37P,K37P,1.5314977290183118,41.98,A,0.9398,1976,1989,11.649,10.538,6.7587498,6.114147600000001
1k1v_A_24-64,KA37Q,K37Q,0.0367345661008531,41.98,A,0.9398,1976,1989,11.649,10.538,6.7587498,6.114147600000001
1k1v_A_24-64,KA37R,K37R,-0.101751387523846,41.98,A,0.9398,1976,1989,10.002,7.149,5.803160400000001,4.1478498
1k1v_A_24-64,KA37S,K37S,0.8642534936652413,41.98,A,0.9398,1976,1989,11.649,10.538,6.7587498,6.114147600000001
1k1v_A_24-64,KA37T,K37T,0.5326642186119299,41.98,A,0.9398,1976,1989,11.649,10.538,6.7587498,6.114147600000001
1k1v_A_24-64,KA37V,K37V,0.2777044930371746,41.98,A,0.9398,1976,1989,11.649,10.538,6.7587498,6.114147600000001
1k1v_A_24-64,KA37W,K37W,0.6901055595953682,41.98,A,0.9398,1976,1989,11.649,10.538,6.7587498,6.114147600000001
1k1v_A_24-64,KA37Y,K37Y,0.4843160827130039,41.98,A,0.9398,1976,1989,11.649,10.538,6.7587498,6.114147600000001
1k1v_A_24-64,NA38A,N38A,0.0309579788274418,60.2,A,0.9727,1974,1989,11.594,10.65,4.614412,4.238700000000001
1k1v_A_24-64,NA38C,N38C,-0.5936080163577842,60.2,A,0.9727,1974,1989,11.594,10.65,4.614412,4.238700000000001
1k1v_A_24-64,NA38D,N38D,-0.0560846909345316,60.2,A,0.9727,1974,1989,11.594,10.65,4.614412,4.238700000000001
1k1v_A_24-64,NA38E,N38E,-0.2417528465110394,60.2,A,0.9727,1974,1989,11.594,10.65,4.614412,4.238700000000001
1k1v_A_24-64,NA38F,N38F,0.3233841950221094,60.2,A,0.9727,1974,1989,11.594,10.65,4.614412,4.238700000000001
1k1v_A_24-64,NA38G,N38G,0.1164402161962498,60.2,A,0.9727,1974,1989,11.594,10.65,4.614412,4.238700000000001
1k1v_A_24-64,NA38H,N38H,0.0843675093069127,60.2,A,0.9727,1974,1989,11.594,10.65,4.614412,4.238700000000001
1k1v_A_24-64,NA38I,N38I,0.2292506611822855,60.2,A,0.9727,1974,1989,11.594,10.65,4.614412,4.238700000000001
1k1v_A_24-64,NA38K,N38K,-0.2380990075721465,60.2,A,0.9727,1974,1989,10.878,9.307,4.3294440000000005,3.7041860000000004
1k1v_A_24-64,NA38L,N38L,-0.0507938668892524,60.2,A,0.9727,1974,1989,11.594,10.65,4.614412,4.238700000000001
1k1v_A_24-64,NA38M,N38M,0.0428545247599578,60.2,A,0.9727,1974,1989,11.594,10.65,4.614412,4.238700000000001
1k1v_A_24-64,NA38P,N38P,0.96522308271172,60.2,A,0.9727,1974,1989,11.594,10.65,4.614412,4.238700000000001
1k1v_A_24-64,NA38Q,N38Q,0.0746567115588408,60.2,A,0.9727,1974,1989,11.594,10.65,4.614412,4.238700000000001
1k1v_A_24-64,NA38R,N38R,0.0137331807601706,60.2,A,0.9727,1974,1989,11.594,10.65,4.614412,4.238700000000001
1k1v_A_24-64,NA38S,N38S,0.1159375463460987,60.2,A,0.9727,1974,1989,10.878,7.927,4.3294440000000005,3.154946
1k1v_A_24-64,NA38T,N38T,0.2136964956833578,60.2,A,0.9727,1974,1989,10.465,10.548,4.16507,4.198104
1k1v_A_24-64,NA38V,N38V,0.4209791163265526,60.2,A,0.9727,1974,1989,11.594,10.65,4.614412,4.238700000000001
1k1v_A_24-64,NA38W,N38W,0.3051341583384115,60.2,A,0.9727,1974,1989,11.594,10.65,4.614412,4.238700000000001
1k1v_A_24-64,NA38Y,N38Y,0.1178731080271386,60.2,A,0.9727,1974,1989,11.594,10.65,4.614412,4.238700000000001
1k1v_A_24-64,RA39A,R39A,-0.3858119501847863,72.9,X,0.8448,1974,1989,10.706,10.293,2.9013259999999987,2.7894029999999987
1k1v_A_24-64,RA39C,R39C,-0.6719531505724912,72.9,X,0.8448,1974,1989,11.422,10.293,3.0953619999999993,2.7894029999999987
1k1v_A_24-64,RA39D,R39D,0.0543141185294315,72.9,X,0.8448,1974,1989,11.422,10.293,3.0953619999999993,2.7894029999999987
1k1v_A_24-64,RA39E,R39E,-0.2193844361896268,72.9,X,0.8448,1974,1989,11.422,10.293,3.0953619999999993,2.7894029999999987
1k1v_A_24-64,RA39F,R39F,0.0618504944895963,72.9,X,0.8448,1974,1989,11.422,10.293,3.0953619999999993,2.7894029999999987
1k1v_A_24-64,RA39G,R39G,-0.163805551160562,72.9,X,0.8448,1974,1989,11.422,10.293,3.0953619999999993,2.7894029999999987
1k1v_A_24-64,RA39H,R39H,-0.0532932551038811,72.9,X,0.8448,1974,1989,11.422,10.293,3.0953619999999993,2.7894029999999987
1k1v_A_24-64,RA39I,R39I,-0.2421833880379136,72.9,X,0.8448,1974,1989,11.422,10.293,3.0953619999999993,2.7894029999999987
1k1v_A_24-64,RA39K,R39K,-0.3443175340948783,72.9,X,0.8448,1974,1989,9.182,6.214,2.4883219999999993,1.6839939999999995
1k1v_A_24-64,RA39L,R39L,-0.3981139831655085,72.9,X,0.8448,1974,1989,11.422,10.293,3.0953619999999993,2.7894029999999987
1k1v_A_24-64,RA39M,R39M,-0.3727595917438697,72.9,X,0.8448,1974,1989,11.422,10.293,3.0953619999999993,2.7894029999999987
1k1v_A_24-64,RA39N,R39N,-0.2382192274479742,72.9,X,0.8448,1974,1989,11.422,10.293,3.0953619999999993,2.7894029999999987
1k1v_A_24-64,RA39P,R39P,0.1274214023505397,72.9,X,0.8448,1974,1989,11.422,10.293,3.0953619999999993,2.7894029999999987
1k1v_A_24-64,RA39Q,R39Q,-0.4402976361274304,72.9,X,0.8448,1974,1989,10.293,9.966,2.7894029999999987,2.700785999999999
1k1v_A_24-64,RA39S,R39S,-0.1480289671264705,72.9,X,0.8448,1974,1989,11.422,10.293,3.0953619999999993,2.7894029999999987
1k1v_A_24-64,RA39T,R39T,-0.0396182438088028,72.9,X,0.8448,1974,1989,11.422,10.293,3.0953619999999993,2.7894029999999987
1k1v_A_24-64,RA39V,R39V,0.0574159648957397,72.9,X,0.8448,1974,1989,11.422,10.293,3.0953619999999993,2.7894029999999987
1k1v_A_24-64,RA39W,R39W,0.1377408564327447,72.9,X,0.8448,1974,1989,11.422,10.293,3.0953619999999993,2.7894029999999987
1k1v_A_24-64,RA39Y,R39Y,0.0935021070712027,72.9,X,0.8448,1974,1989,11.422,10.293,3.0953619999999993,2.7894029999999987
1k1v_A_24-64,GA40A,G40A,-0.0523850364349987,80.6,X,0.9503,1971,1989,9.614,5.327,1.8651160000000007,1.0334380000000003
1k1v_A_24-64,GA40C,G40C,-0.53023608128301,80.6,X,0.9503,1971,1989,10.743,8.716,2.084142000000001,1.6909040000000004
1k1v_A_24-64,GA40D,G40D,-0.0562071850838736,80.6,X,0.9503,1971,1989,9.322,5.505,1.8084680000000004,1.0679700000000003
1k1v_A_24-64,GA40E,G40E,-0.1890511570574196,80.6,X,0.9503,1971,1989,9.614,5.994,1.8651160000000007,1.1628360000000004
1k1v_A_24-64,GA40F,G40F,-0.1950241503801741,80.6,X,0.9503,1971,1989,10.743,8.716,2.084142000000001,1.6909040000000004
1k1v_A_24-64,GA40H,G40H,-0.1488464731959271,80.6,X,0.9503,1971,1989,9.614,5.327,1.8651160000000007,1.0334380000000003
1k1v_A_24-64,GA40I,G40I,-0.355133189830914,80.6,X,0.9503,1971,1989,10.027,5.994,1.9452380000000005,1.1628360000000004
1k1v_A_24-64,GA40K,G40K,-0.0341184027321053,80.6,X,0.9503,1971,1989,7.802,3.69,1.5135880000000004,0.7158600000000002
1k1v_A_24-64,GA40L,G40L,-0.4194106399483703,80.6,X,0.9503,1971,1989,10.743,8.716,2.084142000000001,1.6909040000000004
1k1v_A_24-64,GA40M,G40M,-0.2128373542307953,80.6,X,0.9503,1971,1989,10.743,8.716,2.084142000000001,1.6909040000000004
1k1v_A_24-64,GA40N,G40N,0.1316262553357308,80.6,X,0.9503,1971,1989,8.912,5.287,1.7289280000000007,1.0256780000000003
1k1v_A_24-64,GA40P,G40P,0.2757703865383525,80.6,X,0.9503,1971,1989,10.743,8.716,2.084142000000001,1.6909040000000004
1k1v_A_24-64,GA40Q,G40Q,-0.2481638124903411,80.6,X,0.9503,1971,1989,9.096,5.994,1.7646240000000006,1.1628360000000004
1k1v_A_24-64,GA40R,G40R,0.2710729120230279,80.6,X,0.9503,1971,1989,9.614,5.994,1.8651160000000007,1.1628360000000004
1k1v_A_24-64,GA40S,G40S,0.1831613888838472,80.6,X,0.9503,1971,1989,8.502,4.337,1.6493880000000007,0.8413780000000002
1k1v_A_24-64,GA40T,G40T,0.2760283562467676,80.6,X,0.9503,1971,1989,9.096,4.638,1.7646240000000006,0.8997720000000002
1k1v_A_24-64,GA40V,G40V,-0.0506026968049635,80.6,X,0.9503,1971,1989,10.743,8.716,2.084142000000001,1.6909040000000004
1k1v_A_24-64,GA40W,G40W,-0.2603443812383932,80.6,X,0.9503,1971,1989,10.743,8.716,2.084142000000001,1.6909040000000004
1k1v_A_24-64,GA40Y,G40Y,-0.2741025925435543,80.6,X,0.9503,1971,1989,10.743,8.716,2.084142000000001,1.6909040000000004
1k1v_A_24-64,YA41A,Y41A,-0.0844947108507154,70.92,X,0.9968,1963,1989,11.422,10.658,3.3215175999999995,3.0993463999999995
1k1v_A_24-64,YA41D,Y41D,-0.0587026835241557,70.92,X,0.9968,1963,1989,11.422,10.658,3.3215175999999995,3.0993463999999995
1k1v_A_24-64,YA41E,Y41E,-0.0750719227906104,70.92,X,0.9968,1963,1989,11.422,10.658,3.3215175999999995,3.0993463999999995
1k1v_A_24-64,YA41F,Y41F,-0.2104524202529503,70.92,X,0.9968,1963,1989,11.422,10.658,3.3215175999999995,3.0993463999999995
1k1v_A_24-64,YA41G,Y41G,-0.0604473235343343,70.92,X,0.9968,1963,1989,11.422,10.658,3.3215175999999995,3.0993463999999995
1k1v_A_24-64,YA41H,Y41H,-0.1254070516771692,70.92,X,0.9968,1963,1989,11.422,10.658,3.3215175999999995,3.0993463999999995
1k1v_A_24-64,YA41I,Y41I,-0.1340660557596407,70.92,X,0.9968,1963,1989,11.422,10.658,3.3215175999999995,3.0993463999999995
1k1v_A_24-64,YA41K,Y41K,-0.0940037034216842,70.92,X,0.9968,1963,1989,11.422,10.658,3.3215175999999995,3.0993463999999995
1k1v_A_24-64,YA41L,Y41L,-0.2849349197334865,70.92,X,0.9968,1963,1989,11.422,10.658,3.3215175999999995,3.0993463999999995
1k1v_A_24-64,YA41M,Y41M,-0.1082595623185063,70.92,X,0.9968,1963,1989,11.422,10.658,3.3215175999999995,3.0993463999999995
1k1v_A_24-64,YA41N,Y41N,-0.1740445198804701,70.92,X,0.9968,1963,1989,11.422,10.658,3.3215175999999995,3.0993463999999995
1k1v_A_24-64,YA41P,Y41P,0.0507297766392866,70.92,X,0.9968,1963,1989,11.422,10.658,3.3215175999999995,3.0993463999999995
1k1v_A_24-64,YA41Q,Y41Q,-0.1719119187383437,70.92,X,0.9968,1963,1989,11.422,10.658,3.3215175999999995,3.0993463999999995
1k1v_A_24-64,YA41R,Y41R,0.1745567660385651,70.92,X,0.9968,1963,1989,11.422,10.658,3.3215175999999995,3.0993463999999995
1k1v_A_24-64,YA41S,Y41S,-0.0714736380454574,70.92,X,0.9968,1963,1989,11.422,10.658,3.3215175999999995,3.0993463999999995
1k1v_A_24-64,YA41T,Y41T,-0.1184315743336656,70.92,X,0.9968,1963,1989,11.422,10.658,3.3215175999999995,3.0993463999999995
1k1v_A_24-64,YA41V,Y41V,-0.1462795695879091,70.92,X,0.9968,1963,1989,11.422,10.658,3.3215175999999995,3.0993463999999995
1k1v_A_24-64,YA41W,Y41W,-0.0319177214462396,70.92,X,0.9968,1963,1989,11.422,10.658,3.3215175999999995,3.0993463999999995