protein_id,sequence_id,chain,mutation_pdb,mutation_fasta,DDG,RSA,secondary_structure,CI,msa_depth_local,msa_depth_total,LOR,LORw,RSA*LOR,RSA*LORw
1nmv,1nmv_A,A,NA30A,N30A,0.47,69.89,X,0.303004,56538,108353,-1.831269,-0.944656,-0.5513950959,-0.28443592160000003
1nmv,1nmv_A,A,FA25L,F25L,1.37,11.58,B,0.317653,56407,108353,0.753999,-0.642956,0.6666859157999999,-0.5685016951999999
1nmv,1nmv_A,A,FA25Y,F25Y,-0.22,11.58,B,0.317653,56407,108353,0.271914,-0.123004,0.2404263588,-0.1087601368
1nmv,1nmv_A,A,HA27A,H27A,0.12,43.86,X,0.473226,56455,108353,-5.562663,-2.0412,-3.1228790082,-1.14592968
1nmv,1nmv_A,A,IA28A,I28A,0.36,66.79,X,0.299892,56471,108353,-2.520253,-0.063685,-0.8369760212999998,-0.0211497885
1nmv,1nmv_A,A,IA28G,I28G,0.48,66.79,X,0.299892,56471,108353,-4.234639,-1.967696,-1.4063236118999995,-0.6534718415999998
1nmv,1nmv_A,A,TA29A,T29A,1.25,51.73,X,0.278211,56515,108353,-3.883976,-2.138055,-1.8747952152,-1.0320391485
1nmv,1nmv_A,A,TA29D,T29D,1.33,51.73,X,0.278211,56515,108353,-4.130759,-2.838458,-1.9939173693000003,-1.3701236766000002
1nmv,1nmv_A,A,FA25A,F25A,2.14,11.58,B,0.317653,56407,108353,-0.647105,-2.350163,-0.572170241,-2.0780141245999997
1nmv,1nmv_A,A,WA73L,W73L,0.478,44.49,X,0.078778,14485,108353,-0.084997,-0.668642,-0.047181834699999994,-0.37116317419999995
1nmv,1nmv_A,A,AA31G,A31G,1.49,20.96,B,0.27878,56588,108353,-2.834813,-1.513145,-2.2406361952,-1.195989808
1nmv,1nmv_A,A,SA32G,S32G,0.81,54.83,B,0.460729,56651,108353,-4.010201,-3.811161,-1.8114077917000002,-1.7215014237
1nmv,1nmv_A,A,QA33A,Q33A,0.57,49.21,B,0.283776,56722,108353,-4.766333,-2.666828,-2.4208205307000004,-1.3544819412000002
1nmv,1nmv_A,A,WA34A,W34A,0.4,48.96,X,0.387565,56772,108353,-6.188483,-2.976917,-3.1586017231999994,-1.5194184367999999
1nmv,1nmv_A,A,WA34F,W34F,0.1,48.96,X,0.387565,56772,108353,-2.022067,-2.58515,-1.0320629968,-1.31946056
1nmv,1nmv_A,A,WA34L,W34L,1.19,48.96,X,0.387565,56772,108353,-4.961026,-2.442479,-2.5321076704,-1.2466412815999999
1nmv,1nmv_A,A,RA36A,R36A,0.29,61.17,X,0.277356,56984,108353,-3.977376,-1.271959,-1.5444151008,-0.4939016797
1nmv,1nmv_A,A,SA38A,S38A,-0.05,22.45,X,0.251693,56520,108353,-1.462424,-0.071191,-1.134109812,-0.0552086205
1nmv,1nmv_A,A,SA38G,S38G,0.08,22.45,X,0.251693,56520,108353,-2.204838,-1.760672,-1.709851869,-1.365401136
1nmv,1nmv_A,A,YA24W,Y24W,0.56,26.7,B,0.359876,56389,108353,-6.398347,-4.514599,-4.689988351,-3.3092010669999996
1nmv,1nmv_A,A,NA30G,N30G,-0.53,69.89,X,0.303004,56538,108353,1.061115,0.410573,0.3195017265,0.12362353030000002
1nmv,1nmv_A,A,YA24F,Y24F,0.66,26.7,B,0.359876,56389,108353,-0.306017,-0.931489,-0.224310461,-0.682781437
1nmv,1nmv_A,A,SA16T,S16T,0.465,36.29,X,0.284396,55870,108353,2.318716,-0.872541,1.4772539636000002,-0.5558958711
1nmv,1nmv_A,A,YA23L,Y23L,1.18,19.81,B,0.404945,56339,108353,-6.346584,-4.232847,-5.089325709600001,-3.3943200093
1nmv,1nmv_A,A,LA7V,L7V,1.26,16.93,X,0.463076,53538,108353,-6.646722,-3.557394,-5.5214319654,-2.9551271958
1nmv,1nmv_A,A,LA7I,L7I,0.85,16.93,X,0.463076,53538,108353,-6.750422,-3.556754,-5.6075755554,-2.9545955478000003
1nmv,1nmv_A,A,KA6M,K6M,-0.0846177,46.82,X,0.247564,53087,108353,-1.301996,-1.210024,-0.6924014728000001,-0.6434907632000001
1nmv,1nmv_A,A,KA6A,K6A,-0.15,46.82,X,0.247564,53087,108353,1.625002,0.246707,0.8641760636000001,0.1311987826
1nmv,1nmv_A,A,SA38T,S38T,0.128027,22.45,X,0.251693,56520,108353,0.727687,0.486256,0.5643212685,0.377091528
1nmv,1nmv_A,A,EA35A,E35A,0.73,77.02,X,0.19059,56872,108353,-4.770264,-2.480878,-1.0962066672,-0.5701057644
1nmv,1nmv_A,A,SA32A,S32A,0.26,54.83,B,0.460729,56651,108353,-2.044178,-2.542397,-0.9233552026,-1.1484007249
1nmv,1nmv_A,A,TA29S,T29S,0.65,51.73,X,0.278211,56515,108353,-1.661193,-1.77662,-0.8018578611,-0.8575744740000001
1nmv,1nmv_A,A,TA29G,T29G,1.99,51.73,X,0.278211,56515,108353,-5.984584,-3.982883,-2.8887586968,-1.9225376241
1nmv,1nmv_A,A,HA27G,H27G,0.68,43.86,X,0.473226,56455,108353,-7.238992,-3.890869,-4.0639701087999995,-2.1843338566
1nmv,1nmv_A,A,NA26D,N26D,1.88,1.85,B,0.366377,56433,108353,1.249686,-1.063512,1.2265668090000001,-1.043837028
1nmv,1nmv_A,A,VA22A,V22A,0.26,39.58,B,0.20648,56274,108353,-3.289382,-1.005441,-1.9874446044,-0.6074874522000001
1nmv,1nmv_A,A,RA21H,R21H,0.739234,72.22,X,0.261135,56220,108353,-5.229935,-3.115486,-1.4528759430000002,-0.8654820108000002
1nmv,1nmv_A,A,GA20A,G20A,0.86,37.17,X,0.389362,56146,108353,-4.736535,-3.749809,-2.9759649405,-2.3560049946999997
1nmv,1nmv_A,A,SA16G,S16G,0.92,36.29,X,0.284396,55870,108353,-3.110359,-3.875097,-1.9816097189,-2.4688242987
1nmv,1nmv_A,A,RA14A,R14A,1.63,22.59,B,0.264277,55800,108353,-1.260965,-1.444619,-0.9761130064999999,-1.1182795679000002
1nmv,1nmv_A,A,EA12Q,E12Q,0.54,55.37,B,0.454832,55684,108353,-5.561121,-2.785559,-2.4819283023,-1.2431949817
1nmv,1nmv_A,A,LA7N,L7N,0.9,16.93,X,0.463076,53538,108353,-7.539965,-4.66312,-6.2634489255,-3.873653784
1nmv,1nmv_A,A,LA7A,L7A,1.72,16.93,X,0.463076,53538,108353,-7.434768,-4.382463,-6.1760617776,-3.6405120141000005
1nmv,1nmv_A,A,PA8A,P8A,0.97,31.16,X,0.472392,53721,108353,-6.372763,-4.058778,-4.3870100492,-2.7940627752
1nmv,1nmv_A,A,YA23F,Y23F,0.52,19.81,B,0.404945,56339,108353,-1.605449,-2.227862,-1.2874095531,-1.7865225378
1nmv,1nmv_A,A,PA8G,P8G,0.92,31.16,X,0.472392,53721,108353,-7.309082,-4.118939,-5.0315720488,-2.8354776076
1nmv,1nmv_A,A,GA10A,G10A,0.85,29.74,X,0.383947,55151,108353,-5.679286,-3.930907,-3.9902663436,-2.7618552581999998
1nmv,1nmv_A,A,YA23A,Y23A,1.08,19.81,B,0.404945,56339,108353,-7.123312,-4.610098,-5.712183892800001,-3.6968375862
1nmv,1nmv_A,A,RA21G,R21G,0.67,72.22,X,0.261135,56220,108353,-1.507185,-1.976337,-0.41869599300000004,-0.5490264186000001
1nmv,1nmv_A,A,RA21A,R21A,0.65,72.22,X,0.261135,56220,108353,-4.930294,-2.726871,-1.3696356732000001,-0.7575247638000001
1nmv,1nmv_A,A,SA19G,S19G,-0.01,59.71,X,0.114911,56081,108353,-3.096635,-2.212101,-1.2476342415000001,-0.8912554929000002
1nmv,1nmv_A,A,SA19A,S19A,0.14,59.71,X,0.114911,56081,108353,-2.40899,-1.637983,-0.9705820710000002,-0.6599433507000001
1nmv,1nmv_A,A,SA18G,S18G,-0.02,91.34,X,0.139199,55356,108353,-2.312407,-2.673486,-0.20025444620000002,-0.23152388760000003
1nmv,1nmv_A,A,SA18A,S18A,-0.03,91.34,X,0.139199,55356,108353,-0.248012,-1.03205,-0.021477839200000005,-0.08937553000000001
1nmv,1nmv_A,A,RA17G,R17G,0.22,89.93,X,0.095826,3281,108353,-2.246212,-2.781475,-0.22619354839999978,-0.2800945324999997
1nmv,1nmv_A,A,RA17A,R17A,0.0,89.93,X,0.095826,3281,108353,-0.713486,-1.709364,-0.07184804019999992,-0.17213295479999985
1nmv,1nmv_A,A,SA16A,S16A,0.44,36.29,X,0.284396,55870,108353,0.767534,-2.771265,0.48899591140000004,-1.7655729315000002
1nmv,1nmv_A,A,MA15A,M15A,0.59,52.24,B,0.120324,55836,108353,-1.144491,-1.336685,-0.5466089016,-0.638400756
1nmv,1nmv_A,A,RA14L,R14L,0.916212,22.59,B,0.264277,55800,108353,-5.05046,-3.048131,-3.909561086,-2.3595582071
1nmv,1nmv_A,A,RA14F,R14F,1.1,22.59,B,0.264277,55800,108353,-5.556616,-3.308094,-4.3013764456,-2.5607955654000003
1nmv,1nmv_A,A,KA13Y,K13Y,0.667734,50.87,B,0.180251,55766,108353,-4.879191,-2.460293,-2.3971465383000004,-1.2087419509000001
1nmv,1nmv_A,A,KA13V,K13V,-0.219836,50.87,B,0.180251,55766,108353,-1.367014,0.303299,-0.6716139782,0.1490107987
1nmv,1nmv_A,A,KA13A,K13A,0.02,50.87,B,0.180251,55766,108353,-1.371602,-0.346857,-0.6738680626000001,-0.17041084410000004
1nmv,1nmv_A,A,EA12A,E12A,0.48,55.37,B,0.454832,55684,108353,-6.160556,-3.348313,-2.7494561428,-1.4943520919000002
1nmv,1nmv_A,A,WA11L,W11L,-1.0,7.84,B,0.499247,55563,108353,-7.233719,-4.754606,-6.666595430399999,-4.3818448896
1nmv,1nmv_A,A,WA11F,W11F,1.93,7.84,B,0.499247,55563,108353,-6.985389,-4.494291,-6.4377345024,-4.141938585599999
1nmv,1nmv_A,A,PA9G,P9G,0.49,81.44,X,0.188491,54445,108353,-4.723575,-2.811656,-0.87669552,-0.5218433536
1nmv,1nmv_A,A,PA9A,P9A,0.19,81.44,X,0.188491,54445,108353,-1.587555,-1.010815,-0.29465020799999997,-0.187607264