protein_id,sequence_id,chain,mutation_pdb,mutation_fasta,DDG,RSA,secondary_structure,CI,msa_depth_local,msa_depth_total,LOR,WLOR,RSA*LOR,RSA*WLOR
5cig,5cig_B,B,CB102S,C107S,-2.8,5.45,X,0.219209,3064,16447,1.386859,1.970176,1.3112751845000001,1.862801408
5cig,5cig_B,B,PB76G,P81G,0.78,62.15,X,0.632011,15776,16447,-5.836949,-5.409207,-2.2092851965,-2.0473848495000007
5cig,5cig_B,B,PB76R,P81R,0.97,62.15,X,0.632011,15776,16447,-3.854,-3.506631,-1.4587390000000002,-1.3272598335000003
5cig,5cig_B,B,LB94V,L99V,1.06,1.57,A,0.527858,15524,16447,-0.780568,-0.448974,-0.7683130824,-0.44192510819999997
5cig,5cig_B,B,LB94A,L99A,3.58,1.57,A,0.527858,15524,16447,-5.862839,-5.304249,-5.7707924277,-5.2209722907
5cig,5cig_B,B,LB94I,L99I,-0.33,1.57,A,0.527858,15524,16447,-1.477298,-1.092709,-1.4541044213999998,-1.0755534687
5cig,5cig_B,B,KB73W,K78W,1.43,46.4,A,0.259315,15831,16447,-6.389389,-5.839213,-3.4247125040000004,-3.1298181680000003
5cig,5cig_B,B,NB52G,N57G,-0.9,11.42,A,0.49298,15771,16447,-4.488002,-3.533311,-3.9754721716,-3.1298068838
5cig,5cig_B,B,NB52L,N57L,-4.73,11.42,A,0.49298,15771,16447,1.289321,2.291176,1.1420805418,2.0295237008
5cig,5cig_B,B,KB27Q,K32Q,1.719691,37.68,X,0.372271,16093,16447,-4.463081,-4.092205,-2.7813920791999998,-2.5502621559999996
5cig,5cig_B,B,HB26Y,H31Y,1.9585372,35.42,X,0.47075,16052,16447,-4.475201,-4.046431,-2.8900848058,-2.6131851397999997
5cig,5cig_B,B,GB23S,G28S,1.5,81.82,X,0.378784,12042,16447,-3.013402,-3.1789,-0.5478364836000003,-0.5779240200000002
5cig,5cig_B,B,VB20C,V25C,1.1,11.13,X,0.383012,16101,16447,-5.262303,-5.274933,-4.676608676100001,-4.6878329571
5cig,5cig_B,B,FB10W,F15W,1.3,1.52,A,0.760133,15915,16447,-4.993778,-4.667802,-4.9178725744,-4.5968514096
5cig,5cig_B,B,FB10M,F15M,3.52,1.52,A,0.760133,15915,16447,-7.436529,-6.84557,-7.3234937592,-6.741517336
5cig,5cig_B,B,AB7Y,A12Y,-0.07,27.42,A,0.389451,15581,16447,-5.629819,-5.241134,-4.0861226302,-3.8040150572
5cig,5cig_B,B,KB73I,K78I,1.19,46.4,A,0.259315,15831,16447,-4.770794,-4.165092,-2.5571455840000006,-2.232489312
5cig,5cig_B,B,HB33Y,H38Y,0.2985575,8.54,X,0.30722,16195,16447,0.134974,0.558725,0.1234472204,0.511009885
5cig,5cig_B,B,TB69E,T74E,-1.4,24.87,A,0.257544,15859,16447,0.51344,0.248661,0.385747472,0.18681900929999998
5cig,5cig_B,B,KB11Q,K16Q,2.38846,47.55,A,0.261004,15857,16447,-1.827414,-1.5754,-0.958478643,-0.8262972999999999
5cig,5cig_B,B,NB52S,N57S,0.37,11.42,A,0.49298,15771,16447,-3.513662,-2.742072,-3.1124017996,-2.4289273776
5cig,5cig_B,B,CB102A,C107A,-2.9,5.45,X,0.219209,3064,16447,0.898666,1.548197,0.849688703,1.4638202635000002
5cig,5cig_B,B,YB97F,Y102F,-0.24,23.16,A,0.748294,15469,16447,-2.795097,-2.763038,-2.1477525348,-2.1231183992
5cig,5cig_B,B,YB97A,Y102A,4.87,23.16,A,0.748294,15469,16447,-7.578833,-7.252733,-5.8235752772,-5.5730000372
5cig,5cig_B,B,TB96A,T101A,-0.9,19.53,A,0.588805,15500,16447,3.977884,4.685326,3.2010032548,3.7702818322
5cig,5cig_B,B,LB94T,L99T,3.05,1.57,A,0.527858,15524,16447,-5.862839,-5.376207,-5.7707924277,-5.2918005501
5cig,5cig_B,B,LB85A,L90A,2.8,1.51,X,0.48472,15365,16447,-4.532619,-4.457316,-4.4641764531,-4.3900105283999995
5cig,5cig_B,B,FB82Y,F87Y,0.7,10.14,X,0.64549,15636,16447,-2.646154,-2.370847,-2.3778339844,-2.1304431141999998
5cig,5cig_B,B,PB76L,P81L,3.44,62.15,X,0.632011,15776,16447,-6.37729,-6.269827,-2.4138042650000004,-2.3731295195000004
5cig,5cig_B,B,PB76W,P81W,2.38,62.15,X,0.632011,15776,16447,-8.261219,-8.147754,-3.126871391500001,-3.083924889000001
5cig,5cig_B,B,PB76Y,P81Y,2.07,62.15,X,0.632011,15776,16447,-8.261219,-8.147754,-3.126871391500001,-3.083924889000001
5cig,5cig_B,B,PB76S,P81S,1.89,62.15,X,0.632011,15776,16447,-3.496912,-3.349608,-1.3235811920000002,-1.2678266280000001
5cig,5cig_B,B,PB76V,P81V,1.07,62.15,X,0.632011,15776,16447,-6.666329,-6.198101,-2.5232055265000004,-2.3459812285000003
5cig,5cig_B,B,KB73H,K78H,1.27,46.4,A,0.259315,15831,16447,-2.915552,-2.90716,-1.562735872,-1.5582377600000001
5cig,5cig_B,B,KB73V,K78V,1.38,46.4,A,0.259315,15831,16447,-3.161586,-2.774525,-1.694610096,-1.4871454000000002
5cig,5cig_B,B,KB73G,K78G,0.74,46.4,A,0.259315,15831,16447,-1.008182,-0.573385,-0.5403855519999999,-0.30733436000000003
5cig,5cig_B,B,KB73A,K78A,0.45,46.4,A,0.259315,15831,16447,-0.301411,0.094881,-0.161556296,0.050856216
5cig,5cig_B,B,KB73R,K78R,0.03,46.4,A,0.259315,15831,16447,-2.240887,-1.932931,-1.201115432,-1.036051016
5cig,5cig_B,B,KB73L,K78L,0.03,46.4,A,0.259315,15831,16447,-3.46984,-3.468375,-1.85983424,-1.8590490000000002
5cig,5cig_B,B,PB71I,P76I,1.7,1.1,A,0.894774,15848,16447,-9.76707,-9.837758,-9.65963223,-9.729542661999998
5cig,5cig_B,B,PB71T,P76T,1.7,1.1,A,0.894774,15848,16447,-7.258954,-6.953657,-7.179105506,-6.877166773
5cig,5cig_B,B,PB71V,P76V,1.0,1.1,A,0.894774,15848,16447,-8.565524,-8.216746,-8.471303236,-8.126361794000001
5cig,5cig_B,B,NB52H,N57H,1.7,11.42,A,0.49298,15771,16447,-4.132712,-3.285152,-3.6607562896,-2.9099876416000003
5cig,5cig_B,B,NB52Q,N57Q,0.84,11.42,A,0.49298,15771,16447,-5.154808,-4.22423,-4.5661289264,-3.7418229340000004
5cig,5cig_B,B,NB52T,N57T,-1.9,11.42,A,0.49298,15771,16447,-4.346266,-3.265341,-3.8499224228,-2.8924390578
5cig,5cig_B,B,NB52V,N57V,-2.02,11.42,A,0.49298,15771,16447,-2.396024,-1.387787,-2.1223980592,-1.2293017246000002
5cig,5cig_B,B,NB52A,N57A,-2.97,11.42,A,0.49298,15771,16447,-3.048847,-1.896254,-2.7006686726,-1.6797017932000002
5cig,5cig_B,B,NB52M,N57M,-4.04,11.42,A,0.49298,15771,16447,0.928076,1.861904,0.8220897208000001,1.6492745632
5cig,5cig_B,B,CB102T,C107T,-4.084267,5.45,X,0.219209,3064,16447,2.810614,2.690988,2.657435537,2.544329154
5cig,5cig_B,B,GB1A,G6A,1.3,35.08,X,0.376233,13542,16447,-0.510276,-0.29261,-0.3312711792,-0.189962412
5cig,5cig_B,B,GB6A,G11A,3.5,0.0,A,0.830511,15483,16447,-6.715365,-6.563425,-6.715365,-6.563425
5cig,5cig_B,B,NB52F,N57F,0.06,11.42,A,0.49298,15771,16447,-1.817997,-0.758154,-1.6103817426000002,-0.6715728132000001
5cig,5cig_B,B,KB27H,K32H,1.17,37.68,X,0.372271,16093,16447,-5.049076,-4.618022,-3.1465841632,-2.8779513104
5cig,5cig_B,B,KB22H,K27H,2.486,73.74,X,0.239742,15561,16447,-4.294125,-4.077093,-1.1276372250000002,-1.0706446218
5cig,5cig_B,B,KB22Q,K27Q,2.794498,73.74,X,0.239742,15561,16447,-1.100117,-0.878778,-0.28889072420000006,-0.23076710280000004
5cig,5cig_B,B,HB33P,H38P,0.8,8.54,X,0.30722,16195,16447,-4.768611,-3.996488,-4.3613716206,-3.6551879248
5cig,5cig_B,B,FB10Y,F15Y,0.47,1.52,A,0.760133,15915,16447,-3.946727,-3.468097,-3.8867367496000003,-3.4153819256
5cig,5cig_B,B,FB10I,F15I,1.14,1.52,A,0.760133,15915,16447,-6.72492,-6.131155,-6.622701216,-6.037961444
5cig,5cig_B,B,AB7L,A12L,0.23,27.42,A,0.389451,15581,16447,-4.407204,-3.928503,-3.1987486632,-2.8513074774000002
5cig,5cig_B,B,NB52I,N57I,-4.1,11.42,A,0.49298,15771,16447,-1.726505,-0.615948,-1.529338129,-0.5456067384000001